Aggie Memorial Stadium,New Mexico State,http://upload.wikimedia.org/wikipedia/commons/thumb/7/7e/Aggie_Memorial_Stadium.jpg/80px-Aggie_Memorial_Stadium.jpg,Las Cruces,NM,Sun Belt,1978,30343,32993,1999
Alamodome,UTSA,http://upload.wikimedia.org/wikipedia/commons/thumb/4/49/Alamodome%2C_San_Antonio.jpg/80px-Alamodome%2C_San_Antonio.jpg,San Antonio,TX,C-USA,1993,65000,56743,2011
Albertsons Stadium,Boise State,http://upload.wikimedia.org/wikipedia/commons/thumb/5/5e/Bronco_Stadium_-_Boise_ID.jpg/80px-Bronco_Stadium_-_Boise_ID.jpg,Boise,ID,Mountain West,1970,37000,36864,2012
Aloha Stadium,Hawai`i,http://upload.wikimedia.org/wikipedia/commons/thumb/4/40/Aloha_Stadium%2C_Hawaii.jpg/80px-Aloha_Stadium%2C_Hawaii.jpg,Honolulu,HI,Mountain West,1975,50000,50000,
Alumni Stadium,Boston College,http://upload.wikimedia.org/wikipedia/commons/thumb/6/6e/Alumni_Stadium_stands.jpg/80px-Alumni_Stadium_stands.jpg,Chestnut Hill,MA,ACC,1957,44500,44500,
Amon G. Carter Stadium,TCU,http://upload.wikimedia.org/wikipedia/commons/thumb/2/24/TCU_Amon_G._Carter_Stadium.jpg/80px-TCU_Amon_G._Carter_Stadium.jpg,Fort Worth,TX,Big 12,1929,45000,50307,2009
Apogee Stadium,North Texas,http://upload.wikimedia.org/wikipedia/commons/thumb/7/75/Apogee_Stadium_front.jpg/80px-Apogee_Stadium_front.jpg,Denton,TX,C-USA,2011,30850,28075,2011
Arizona Stadium,Arizona,http://upload.wikimedia.org/wikipedia/commons/thumb/d/d7/University_of_Arizona_Stadium.jpg/80px-University_of_Arizona_Stadium.jpg,Tucson,AZ,Pac-12,1928,51811,59920,1996
Autzen Stadium,Oregon,http://upload.wikimedia.org/wikipedia/commons/thumb/7/7a/Autzen_Stadium_201004.jpg/80px-Autzen_Stadium_201004.jpg,Eugene,OR,Pac-12,1967,54000,60055,2011
BB&T Field,Wake Forest,http://upload.wikimedia.org/wikipedia/commons/thumb/a/a9/BBT_Field_Deacon_Tower_Wake_Forest_University_football_stadium.jpg/80px-BBT_Field_Deacon_Tower_Wake_Forest_University_football_stadium.jpg,Winston-Salem,NC,ACC,1968,31500,37623,2004
Beaver Stadium,Penn State,http://upload.wikimedia.org/wikipedia/commons/thumb/7/7a/Beaver_Stadium_inside.jpg/80px-Beaver_Stadium_inside.jpg,University Park,PA,Big Ten,1960,106572,110753,2002
Ben Hill Griffin Stadium,Florida,http://upload.wikimedia.org/wikipedia/commons/thumb/e/ee/Ben_Hill_Griffin_Stadium_exterior.jpg/80px-Ben_Hill_Griffin_Stadium_exterior.jpg,Gainesville,FL,SEC,1930,88548,90907,2009
Bill Snyder Family Football Stadium,Kansas State,http://upload.wikimedia.org/wikipedia/commons/thumb/a/a3/Bill_Snyder_Family_Stadium_WSC.jpg/80px-Bill_Snyder_Family_Stadium_WSC.jpg,Manhattan,KS,Big 12,1968,50000,53811,2000
Bobby Bowden Field at Doak Campbell Stadium,Florida State,http://upload.wikimedia.org/wikipedia/commons/thumb/f/f1/Doak_Campbell416.jpg/80px-Doak_Campbell416.jpg,Tallahassee,FL,ACC,1950,82300,84409,2013
Bobby Dodd Stadium at Historic Grant Field,Georgia Tech,http://upload.wikimedia.org/wikipedia/commons/thumb/4/49/BobbyDoddStadiumGTMiami2008.jpg/80px-BobbyDoddStadiumGTMiami2008.jpg,Atlanta,GA,ACC,1913,55000,60316,
Boone Pickens Stadium,Oklahoma State,http://upload.wikimedia.org/wikipedia/commons/thumb/f/fe/Boone-Pickens-Stadium-Outside-South.jpg/80px-Boone-Pickens-Stadium-Outside-South.jpg,Stillwater,OK,Big 12,1919,60218,60218,2013
Huskie Stadium,NIU,http://upload.wikimedia.org/wikipedia/commons/thumb/4/4b/Northern_Illinois_Huskie_Stadium.jpg/80px-Northern_Illinois_Huskie_Stadium.jpg,DeKalb,IL,MAC,1965,25500,28221,2003
Bright House Networks Stadium,UCF,http://upload.wikimedia.org/wikipedia/commons/thumb/4/4d/Bright_House_exterior_on_opening_day.jpg/80px-Bright_House_exterior_on_opening_day.jpg,Orlando,FL,American,2007,45323,48453,2009
Bryant-Denny Stadium,Alabama,http://upload.wikimedia.org/wikipedia/commons/thumb/2/2a/University_of_Alabama_Bryant-Denny_Stadium_Panorama.jpg/80px-University_of_Alabama_Bryant-Denny_Stadium_Panorama.jpg,Tuscaloosa,AL,SEC,1929,101821,101821,2014
Bulldog Stadium,Fresno State,http://upload.wikimedia.org/wikipedia/commons/thumb/e/e1/Fresno_State_Jim_Sweeny_Field_%28_Bulldog_Stadium%29.jpg/80px-Fresno_State_Jim_Sweeny_Field_%28_Bulldog_Stadium%29.jpg,Fresno,CA,Mountain West,1980,41031,42881,
Byrd Stadium,Maryland,http://upload.wikimedia.org/wikipedia/commons/thumb/b/b8/Byrd_Stadium_interior_2.jpg/80px-Byrd_Stadium_interior_2.jpg,College Park,MD,Big Ten,1950,51802,58973,1975
Cajun Field,Louisiana-Lafayette,http://upload.wikimedia.org/wikipedia/commons/thumb/6/6a/CajunField02_Fisheye.jpg/80px-CajunField02_Fisheye.jpg,Lafayette,LA,Sun Belt,1971,36900,41357,2009
California Memorial Stadium,California,http://upload.wikimedia.org/wikipedia/commons/thumb/5/51/California_Memorial_Stadium_aerial.jpg/80px-California_Memorial_Stadium_aerial.jpg,Berkeley,CA,Pac-12,1923,62717,83000,"[-702604800000, -539913600000]"
Camp Randall Stadium,Wisconsin,http://upload.wikimedia.org/wikipedia/commons/thumb/6/6d/Camp_Randall_Stadium_stands.jpg/80px-Camp_Randall_Stadium_stands.jpg,Madison,WI,Big Ten,1917,80321,83184,2005
Carrier Dome,Syracuse,http://upload.wikimedia.org/wikipedia/commons/thumb/c/c4/CarrierDome.jpg/80px-CarrierDome.jpg,Syracuse,NY,ACC,1980,49250,50564,1980
Carter-Finley Stadium,NC State,http://upload.wikimedia.org/wikipedia/commons/thumb/d/de/Carter-Finley_Stadium_1.jpg/80px-Carter-Finley_Stadium_1.jpg,Raleigh,NC,ACC,1966,57583,57583,
Centennial Bank Stadium,Arkansas State,http://upload.wikimedia.org/wikipedia/en/thumb/c/cf/Arkansas_State_-_Field_View.jpg/80px-Arkansas_State_-_Field_View.jpg,Jonesboro,AR,Sun Belt,1974,30964,31243,2012
Commonwealth Stadium,Kentucky,http://upload.wikimedia.org/wikipedia/commons/thumb/c/c4/KentuckyCommonwealthStadium-Exterior.jpg/80px-KentuckyCommonwealthStadium-Exterior.jpg,Lexington,KY,SEC,1973,67606,71024,2007
Darrell K Royal-Texas Memorial Stadium,Texas,http://upload.wikimedia.org/wikipedia/commons/thumb/9/9e/University_of_Texas_vs._Florida_Atlantic_football_game_Panorama_%40_Darrell_K_Royal_Texas_Memorial_Stadium.jpg/80px-University_of_Texas_vs._Florida_Atlantic_football_game_Panorama_%40_Darrell_K_Royal_Texas_Memorial_Stadium.jpg,Austin,TX,Big 12,1924,100119,101851,2012
Davis Wade Stadium,Mississippi State,http://upload.wikimedia.org/wikipedia/commons/thumb/1/1b/DavisWade.jpg/80px-DavisWade.jpg,Starkville,MS,SEC,1914,61337,62945,2014
Dix Stadium,Kent State,http://upload.wikimedia.org/wikipedia/commons/thumb/1/1f/KSUDixStadium.JPG/80px-KSUDixStadium.JPG,Kent,OH,MAC,1969,25000,27363,1973
Dowdy-Ficklen Stadium,East Carolina,http://upload.wikimedia.org/wikipedia/commons/thumb/b/b9/UAB_at_ECU_football_game_2009-11-21.JPG/80px-UAB_at_ECU_football_game_2009-11-21.JPG,Greenville,NC,American,1963,50000,50610,2011
Doyt Perry Stadium,Bowling Green,http://upload.wikimedia.org/wikipedia/commons/thumb/e/ed/Kent_State_BG_2012.JPG/80px-Kent_State_BG_2012.JPG,Bowling Green,OH,MAC,1966,23724,33527,1983
Falcon Stadium,Air Force,http://upload.wikimedia.org/wikipedia/commons/thumb/6/65/BYU_at_Air_Force_2010-09-11.jpg/80px-BYU_at_Air_Force_2010-09-11.jpg,Colorado Springs,CO,Mountain West,1962,46692,56409,2002
Faurot Field,Missouri,http://upload.wikimedia.org/wikipedia/commons/thumb/b/b8/Faurot_Field.jpg/80px-Faurot_Field.jpg,Columbia,MO,SEC,1927,71004,75298,1980
FAU Stadium,Florida Atlantic,http://upload.wikimedia.org/wikipedia/commons/thumb/c/c7/FAUStadium_night.jpg/80px-FAUStadium_night.jpg,Boca Raton,FL,C-USA,2011,30000,29103,2011
FIU Stadium,FIU,http://upload.wikimedia.org/wikipedia/commons/thumb/b/b0/FIU_Stadium.JPG/80px-FIU_Stadium.JPG,Miami,FL,C-USA,1995,20000,22682,2011
Folsom Field,Colorado,http://upload.wikimedia.org/wikipedia/commons/thumb/1/14/Folsom_field.jpg/80px-Folsom_field.jpg,Boulder,CO,Pac-12,1924,53750,54972,2006
Foreman Field,Old Dominion,http://upload.wikimedia.org/wikipedia/commons/thumb/c/cb/Foreman_Field_Sep_09_against_VUU.jpg/80px-Foreman_Field_Sep_09_against_VUU.jpg,Norfolk,VA,C-USA,1936,20118,,
Gaylord Family Oklahoma Memorial Stadium,Oklahoma,http://upload.wikimedia.org/wikipedia/commons/thumb/3/33/Gaylord_Family_Oklahoma_Memorial_Stadium_from_SEC.jpg/80px-Gaylord_Family_Oklahoma_Memorial_Stadium_from_SEC.jpg,Norman,OK,Big 12,1925,82112,86031,2012
Georgia Dome,Georgia State,http://upload.wikimedia.org/wikipedia/commons/thumb/0/00/NewGeorgiaDome.JPG/80px-NewGeorgiaDome.JPG,Atlanta,GA,Sun Belt,1992,28155,30237,2010
Gerald J. Ford Stadium,SMU,http://upload.wikimedia.org/wikipedia/commons/thumb/7/73/Gerald_J_Ford_Stadium.jpg/80px-Gerald_J_Ford_Stadium.jpg,University Park,TX,American,2000,32000,35481,2010
"[u'Gillette Stadium', u'[O 1]']",UMass,http://upload.wikimedia.org/wikipedia/commons/thumb/6/63/Gillette_stadium.jpg/80px-Gillette_stadium.jpg,Foxborough,MA,MAC,2002,68756,68756,
Glass Bowl,Toledo,http://upload.wikimedia.org/wikipedia/commons/thumb/3/36/GlassBowl1.jpg/80px-GlassBowl1.jpg,Toledo,OH,MAC,1937,26248,36852,2001
Heinz Field,Pittsburgh,http://upload.wikimedia.org/wikipedia/commons/thumb/b/b8/Heinz_Field.jpg/80px-Heinz_Field.jpg,Pittsburgh,PA,ACC,2001,65050,66731,2002
High Point Solutions Stadium,Rutgers,http://upload.wikimedia.org/wikipedia/commons/thumb/1/1f/High_Point_Solutions_Stadium-Rutgers_University.jpg/80px-High_Point_Solutions_Stadium-Rutgers_University.jpg,Piscataway,NJ,Big Ten,1994,52454,53737,2009
Houchens Industries-L. T. Smith Stadium,Western Kentucky,http://upload.wikimedia.org/wikipedia/en/thumb/6/6b/Insidesmith.jpeg/80px-Insidesmith.jpeg,Bowling Green,KY,C-USA,1968,22113,23252,2012
Husky Stadium,Washington,http://upload.wikimedia.org/wikipedia/commons/thumb/4/4c/Aerial_Husky_Stadium_March_2009.jpg/80px-Aerial_Husky_Stadium_March_2009.jpg,Seattle,WA,Pac-12,1920,72500,76125,1995
Jack Trice Stadium,Iowa State,http://upload.wikimedia.org/wikipedia/commons/thumb/b/bc/Jack_Trice_Stadium.jpg/80px-Jack_Trice_Stadium.jpg,Ames,IA,Big 12,1975,55000,56800,2012
Jim Wacker Field at Bobcat Stadium,Texas State,http://upload.wikimedia.org/wikipedia/commons/thumb/b/bb/Bobcat_Stadium_West_Side.jpg/80px-Bobcat_Stadium_West_Side.jpg,San Marcos,TX,Sun Belt,1981,30000,33006,2012
Joan C. Edwards Stadium,Marshall,http://upload.wikimedia.org/wikipedia/commons/thumb/6/62/MarshallStadium2.jpg/80px-MarshallStadium2.jpg,Huntington,WV,C-USA,1991,38019,41382,2010
Joe Aillet Stadium,Louisiana Tech,http://upload.wikimedia.org/wikipedia/commons/thumb/d/dc/Another_look_at_Joe_Aillet_Stadium_IMG_3708.JPG/80px-Another_look_at_Joe_Aillet_Stadium_IMG_3708.JPG,Ruston,LA,C-USA,1968,30600,28714,1997
John O'Quinn Field at TDECU Stadium,Houston,http://upload.wikimedia.org/wikipedia/commons/thumb/1/16/Houston_Football_Stadium_north_side_stands_construction%2C_September_2013.jpg/80px-Houston_Football_Stadium_north_side_stands_construction%2C_September_2013.jpg,Houston,TX,American,2014,40000,40755,2014
"Johnny ""Red"" Floyd Stadium",Middle Tennessee,http://upload.wikimedia.org/wikipedia/commons/thumb/9/93/Floyd_Stadium_panoramic.jpg/80px-Floyd_Stadium_panoramic.jpg,Murfreesboro,TN,C-USA,1933,31000,30502,2011
Jones AT&T Stadium,Texas Tech,http://upload.wikimedia.org/wikipedia/commons/thumb/8/89/JonesInterior.JPG/80px-JonesInterior.JPG,Lubbock,TX,Big 12,1947,60862,61836,2013
Jordan-Hare Stadium,Auburn,http://upload.wikimedia.org/wikipedia/commons/thumb/c/cd/Jordan-Hare_Stadium_west.jpg/80px-Jordan-Hare_Stadium_west.jpg,Auburn,AL,SEC,1939,87451,87451,
Kelly/Shorts Stadium,Central Michigan,http://upload.wikimedia.org/wikipedia/commons/thumb/e/e5/Kelly_shorts.jpg/80px-Kelly_shorts.jpg,Mount Pleasant,MI,MAC,1972,30199,30302,2008
Kenan Memorial Stadium,North Carolina,http://upload.wikimedia.org/wikipedia/commons/thumb/7/76/Kenan_Stadium.jpg/80px-Kenan_Stadium.jpg,Chapel Hill,NC,ACC,1927,62980,62000,1997
Kibbie Dome,Idaho,http://upload.wikimedia.org/wikipedia/commons/thumb/1/11/Kibbiedomeui.jpg/80px-Kibbiedomeui.jpg,Moscow,ID,Sun Belt,1975,16000,17600,1989
Kidd Brewer Stadium,Appalachian State,http://upload.wikimedia.org/wikipedia/commons/thumb/b/b8/KiddBrewer2009-1.jpg/80px-KiddBrewer2009-1.jpg,Boone,NC,Sun Belt,1962,24050,31531,2010
Kinnick Stadium,Iowa,http://upload.wikimedia.org/wikipedia/commons/thumb/d/d1/Kinnick_Stadium_Press_Box.jpg/80px-Kinnick_Stadium_Press_Box.jpg,Iowa City,IA,Big Ten,1929,70585,70585,
Kyle Field,Texas A&M,http://upload.wikimedia.org/wikipedia/commons/thumb/a/a7/Kyle_Field-empty_2006.jpg/80px-Kyle_Field-empty_2006.jpg,College Station,TX,SEC,1927,106511,110633,2014
Ladd Peebles Stadium,South Alabama,http://upload.wikimedia.org/wikipedia/commons/thumb/b/b9/USAJaguarsFootball.jpg/80px-USAJaguarsFootball.jpg,Mobile,AL,Sun Belt,1948,40646,38129,2014
Lane Stadium,Virginia Tech,http://upload.wikimedia.org/wikipedia/commons/thumb/2/27/LANE_STADIUM_HOKIES.JPG/80px-LANE_STADIUM_HOKIES.JPG,Blacksburg,VA,ACC,1965,66233,66233,
LaVell Edwards Stadium,BYU,http://upload.wikimedia.org/wikipedia/commons/thumb/d/d0/09-18-04k.jpg/80px-09-18-04k.jpg,Provo,UT,Independent,1964,63725,66247,1993
Liberty Bowl Memorial Stadium,Memphis,http://upload.wikimedia.org/wikipedia/commons/thumb/4/4b/Uom_stadium.JPG/80px-Uom_stadium.JPG,Memphis,TN,American,1965,62380,65885,1996
Lincoln Financial Field,Temple,http://upload.wikimedia.org/wikipedia/commons/thumb/3/31/Le_Lincoln_Financial_Field.jpg/80px-Le_Lincoln_Financial_Field.jpg,Philadelphia,PA,American,2003,68532,69029,2007
Los Angeles Memorial Coliseum,Southern California,http://upload.wikimedia.org/wikipedia/commons/thumb/6/61/Los_Angeles_Memorial_Coliseum.JPG/80px-Los_Angeles_Memorial_Coliseum.JPG,Los Angeles,CA,Pac-12,1923,93607,105236,
Mackay Stadium,Nevada,http://upload.wikimedia.org/wikipedia/commons/thumb/0/09/Mackay_4oct2014.jpg/80px-Mackay_4oct2014.jpg,Reno,NV,Mountain West,1966,30000,33391,1995
Malone Stadium,Louisiana-Monroe,http://upload.wikimedia.org/wikipedia/commons/thumb/6/6f/ULM_Warhawks_Stadium%2C_Monroe%2C_LA_IMG_2779.JPG/80px-ULM_Warhawks_Stadium%2C_Monroe%2C_LA_IMG_2779.JPG,Monroe,LA,Sun Belt,1978,30427,31175,2012
Martin Stadium,Washington State,http://upload.wikimedia.org/wikipedia/commons/thumb/3/3e/2008-1018-002-WSUMartinStadiumpan.JPG/80px-2008-1018-002-WSUMartinStadiumpan.JPG,Pullman,WA,Pac-12,1972,32248,40306,1997
McLane Stadium,Baylor,http://upload.wikimedia.org/wikipedia/commons/thumb/d/d6/McLane_Stadium_facingsouth7.16.14.jpg/80px-McLane_Stadium_facingsouth7.16.14.jpg,Waco,TX,Big 12,2014,45140,45733,2014
Memorial Stadium,Clemson,http://upload.wikimedia.org/wikipedia/commons/thumb/5/5b/CU_Memorial_Stadium_Aug2010.jpg/80px-CU_Memorial_Stadium_Aug2010.jpg,Clemson,SC,ACC,1942,81500,86092,1999
Memorial Stadium,Illinois,http://upload.wikimedia.org/wikipedia/commons/thumb/a/a7/Memorial_Stadium_ReDedication.jpg/80px-Memorial_Stadium_ReDedication.jpg,Champaign,IL,Big Ten,1923,60670,78297,1984
Memorial Stadium,Indiana,http://upload.wikimedia.org/wikipedia/commons/thumb/4/4b/MemorialStadium-IUB.jpg/80px-MemorialStadium-IUB.jpg,Bloomington,IN,Big Ten,1960,52959,56223,1969
Memorial Stadium,Kansas,http://upload.wikimedia.org/wikipedia/commons/thumb/a/a2/Kansas_Memorial_Stadium.jpg/80px-Kansas_Memorial_Stadium.jpg,Lawrence,KS,Big 12,1921,50071,52530,2009
Memorial Stadium,Nebraska,http://upload.wikimedia.org/wikipedia/commons/thumb/a/a3/091507-USCNeb-MemorialStadium.jpg/80px-091507-USCNeb-MemorialStadium.jpg,Lincoln,NE,Big Ten,1923,87091,91471,2013
Blaik Field at Michie Stadium,Army,http://upload.wikimedia.org/wikipedia/commons/thumb/8/88/Michie_Stadium_West.jpg/80px-Michie_Stadium_West.jpg,West Point,NY,Independent,1924,38000,42765,1971
Michigan Stadium,Michigan,http://upload.wikimedia.org/wikipedia/commons/thumb/1/1d/Michigan_Stadium_2011.jpg/80px-Michigan_Stadium_2011.jpg,Ann Arbor,MI,Big Ten,1927,109901,115109,2013
Mountaineer Field at Milan Puskar Stadium,West Virginia,http://upload.wikimedia.org/wikipedia/commons/thumb/f/f8/WVU_Opening_Game_Mountaineer_Field.jpg/80px-WVU_Opening_Game_Mountaineer_Field.jpg,Morgantown,WV,Big 12,1980,60000,70222,1993
Navy-Marine Corps Memorial Stadium,Navy,http://upload.wikimedia.org/wikipedia/commons/thumb/9/9f/2005_Stanford-Navy_Game_at_Navy-Marine_Corps_Memorial_Stadium.jpg/80px-2005_Stanford-Navy_Game_at_Navy-Marine_Corps_Memorial_Stadium.jpg,Annapolis,MD,American,1959,34000,37970,2008
Neyland Stadium,Tennessee,http://upload.wikimedia.org/wikipedia/commons/thumb/9/94/Neyland_and_downtown_aerial.JPG/80px-Neyland_and_downtown_aerial.JPG,Knoxville,TN,SEC,1921,102455,109061,2004
Nippert Stadium,Cincinnati,http://upload.wikimedia.org/wikipedia/commons/thumb/8/86/NippertStadium.JPG/80px-NippertStadium.JPG,Cincinnati,OH,American,1924,35097,36007,2013
Notre Dame Stadium,Notre Dame,http://upload.wikimedia.org/wikipedia/commons/thumb/3/3f/Notre-dame-stadium.jpg/80px-Notre-dame-stadium.jpg,Notre Dame,IN,Independent,1930,80795,80795,
Ohio Stadium,Ohio State,http://upload.wikimedia.org/wikipedia/commons/thumb/a/a2/Ohio_Stadium%2C_Columbus.jpg/80px-Ohio_Stadium%2C_Columbus.jpg,Columbus,OH,Big Ten,1922,104944,108362,2014
Papa John's Cardinal Stadium,Louisville,http://upload.wikimedia.org/wikipedia/commons/thumb/f/fb/Papa_John%27s_Cardinal_Stadium_after_expansion_in_2010.jpeg/80px-Papa_John%27s_Cardinal_Stadium_after_expansion_in_2010.jpeg,Louisville,KY,ACC,1998,55000,55428,2014
Paulson Stadium,Georgia Southern,http://upload.wikimedia.org/wikipedia/commons/thumb/9/9c/GSU_2014_Graduation.jpg/80px-GSU_2014_Graduation.jpg,Statesboro,GA,Sun Belt,1984,24300,25725,1989
Peden Stadium,Ohio,http://upload.wikimedia.org/wikipedia/commons/thumb/2/26/Peden_Stadium_Interior.jpg/80px-Peden_Stadium_Interior.jpg,Athens,OH,MAC,1929,24000,25893,2012
Qualcomm Stadium,San Diego State,http://upload.wikimedia.org/wikipedia/commons/thumb/0/05/Qualcomm_Stadium.jpg/80px-Qualcomm_Stadium.jpg,San Diego,CA,Mountain West,1967,70561,68537,2005
Raymond James Stadium,USF,http://upload.wikimedia.org/wikipedia/commons/thumb/b/b2/Raymond_James_Stadium_aerial.jpg/80px-Raymond_James_Stadium_aerial.jpg,Tampa,FL,American,1998,65857,71921,2001
"Donald W. Reynolds Razorback Stadium, Frank Broyles Field",Arkansas,http://upload.wikimedia.org/wikipedia/commons/thumb/3/34/09-02-06-RazorbacksEnterRSS.jpg/80px-09-02-06-RazorbacksEnterRSS.jpg,Fayetteville,AR,SEC,1938,72000,76808,2010
Rentschler Field,Connecticut,http://upload.wikimedia.org/wikipedia/commons/thumb/a/a4/Rentschler_Field_UConn.jpg/80px-Rentschler_Field_UConn.jpg,East Hartford,CT,American,2003,40000,42704,
Reser Stadium,Oregon State,http://upload.wikimedia.org/wikipedia/commons/thumb/7/71/ReserStadium2012.jpg/80px-ReserStadium2012.jpg,Corvallis,OR,Pac-12,1953,45674,46469,2010
Rice Stadium,Rice,http://upload.wikimedia.org/wikipedia/commons/thumb/1/16/Rice_University_Stadium.jpg/80px-Rice_University_Stadium.jpg,Houston,TX,C-USA,1950,47000,73000,
Rice-Eccles Stadium,Utah,http://upload.wikimedia.org/wikipedia/commons/thumb/6/6f/Rice-eccles_Stadium.jpg/80px-Rice-eccles_Stadium.jpg,Salt Lake City,UT,Pac-12,1998,45017,46768,2003
Jerry Richardson Stadium,North Carolina,http://upload.wikimedia.org/wikipedia/commons/thumb/e/ea/McColl-Richardson_Field.JPG/80px-McColl-Richardson_Field.JPG,Charlotte,NC,"[u'C-USA', u'[n 1]']",2013,15314,,
M. M. Roberts Stadium,Southern Miss,http://upload.wikimedia.org/wikipedia/commons/thumb/8/81/Therock.jpg/80px-Therock.jpg,Hattiesburg,MS,C-USA,1932,36000,36232,2008
Romney Stadium,Utah State,http://upload.wikimedia.org/wikipedia/commons/thumb/9/9c/Romney_stadium_usu_football.jpg/80px-Romney_stadium_usu_football.jpg,Logan,UT,Mountain West,1968,25513,33119,1996
Rose Bowl,UCLA,http://upload.wikimedia.org/wikipedia/commons/thumb/f/f3/Rose_Bowl_July_2007.jpg/80px-Rose_Bowl_July_2007.jpg,Pasadena,CA,Pac-12,"[-1546300800000, -1514764800000]",92542,106869,1973
Ross-Ade Stadium,Purdue,http://upload.wikimedia.org/wikipedia/commons/thumb/1/1e/RossAde.JPG/80px-RossAde.JPG,West Lafayette,IN,Big Ten,1924,56400,71629,1980
Ryan Field,Northwestern,http://upload.wikimedia.org/wikipedia/commons/thumb/7/73/Ryan_Field.jpg/80px-Ryan_Field.jpg,Evanston,IL,Big Ten,1926,47130,55752,1962
Rynearson Stadium,Eastern Michigan,http://upload.wikimedia.org/wikipedia/commons/thumb/c/c7/Rynearsonwide-B-121107.jpg/80px-Rynearsonwide-B-121107.jpg,Ypsilanti,MI,MAC,1969,30200,26188,2008
Sam Boyd Stadium,UNLV,http://upload.wikimedia.org/wikipedia/commons/thumb/f/ff/UNLVSamBoydStadium.jpg/80px-UNLVSamBoydStadium.jpg,Whitney,NV,Mountain West,1971,36800,44615,2006
Sanford Stadium,Georgia,http://upload.wikimedia.org/wikipedia/commons/thumb/5/55/SanfordNorthStandsPanorama.jpg/80px-SanfordNorthStandsPanorama.jpg,Athens,GA,SEC,1929,92746,92746,
Scheumann Stadium,Ball State,http://upload.wikimedia.org/wikipedia/en/thumb/0/07/Scheumann_Stadium.jpg/80px-Scheumann_Stadium.jpg,Muncie,IN,MAC,1967,22500,23861,
Scott Stadium,Virginia,http://upload.wikimedia.org/wikipedia/commons/thumb/2/21/Scott_Stadium_panorama_2003.jpg/80px-Scott_Stadium_panorama_2003.jpg,Charlottesville,VA,ACC,1931,61500,64947,2008
Skelly Field at H. A. Chapman Stadium,Tulsa,http://upload.wikimedia.org/wikipedia/commons/thumb/a/ad/HA-Chapman-Stadium-Tulsa.JPG/80px-HA-Chapman-Stadium-Tulsa.JPG,Tulsa,OK,American,1930,35542,47350,1987
Sonny Lubick Field at Hughes Stadium,Colorado State,http://upload.wikimedia.org/wikipedia/commons/thumb/c/ca/Hughes_Stadium%2C_Fort_Collins%2C_CO.jpg/80px-Hughes_Stadium%2C_Fort_Collins%2C_CO.jpg,Fort Collins,CO,Mountain West,1968,34400,39107,1994
Spartan Stadium,Michigan State,http://upload.wikimedia.org/wikipedia/commons/thumb/4/40/SpartanStadiumA.jpg/80px-SpartanStadiumA.jpg,East Lansing,MI,Big Ten,1923,75005,80401,1990
Spartan Stadium,San Jose State,http://upload.wikimedia.org/wikipedia/commons/thumb/4/4e/SS_pan.jpg/80px-SS_pan.jpg,San Jose,CA,Mountain West,1933,30456,31681,2003
Stanford Stadium,Stanford,http://upload.wikimedia.org/wikipedia/commons/thumb/7/73/Stanford_Stadium_field_6.JPG/80px-Stanford_Stadium_field_6.JPG,Stanford,CA,Pac-12,2006,50000,51607,2010
Summa Field at InfoCision Stadium,Akron,http://upload.wikimedia.org/wikipedia/commons/thumb/0/0b/InfoCision_opening_day2.JPG/80px-InfoCision_opening_day2.JPG,Akron,OH,MAC,2009,30000,27881,
Sun Bowl stadium,UTEP,http://upload.wikimedia.org/wikipedia/commons/thumb/7/7c/UTEP_Sun_Bowl_Stadium_Aerial_View_Sept_6_2009.jpg/80px-UTEP_Sun_Bowl_Stadium_Aerial_View_Sept_6_2009.jpg,El Paso,TX,C-USA,1963,51500,53415,2008
"Sun Devil Stadium, Frank Kush Field",Arizona State,http://upload.wikimedia.org/wikipedia/commons/thumb/b/bc/SunDevilStadium1.jpg/80px-SunDevilStadium1.jpg,Tempe,AZ,Pac-12,1958,71706,74963,1996
Sun Life Stadium,Miami,http://upload.wikimedia.org/wikipedia/commons/thumb/d/dd/Sun_Life_Stadium_Coast_Guard_flyover.JPG/80px-Sun_Life_Stadium_Coast_Guard_flyover.JPG,Miami Gardens,FL,ACC,1987,75504,80120,2013
TCF Bank Stadium,Minnesota,http://upload.wikimedia.org/wikipedia/commons/thumb/4/48/TCF_Bank_Stadium_-_Minnesota_Golden_Gophers.jpg/80px-TCF_Bank_Stadium_-_Minnesota_Golden_Gophers.jpg,Minneapolis,MN,Big Ten,2009,50805,50805,
Tiger Stadium,LSU,http://upload.wikimedia.org/wikipedia/commons/thumb/8/8a/Tiger_Stadium_at_Night.jpg/80px-Tiger_Stadium_at_Night.jpg,Baton Rouge,LA,SEC,1924,102321,102321,
University Stadium,New Mexico,http://upload.wikimedia.org/wikipedia/commons/thumb/5/52/UNM_Stadium.jpg/80px-UNM_Stadium.jpg,Albuquerque,NM,Mountain West,1960,39224,44760,2005
UB Stadium,Buffalo,http://upload.wikimedia.org/wikipedia/commons/thumb/2/26/UB_Stadium_Wide.JPG/80px-UB_Stadium_Wide.JPG,Amherst,NY,MAC,1993,29013,29795,2006
Vanderbilt Stadium,Vanderbilt,http://upload.wikimedia.org/wikipedia/commons/thumb/3/3d/Vanderbilt_Stadium_panorama.jpg/80px-Vanderbilt_Stadium_panorama.jpg,Nashville,TN,SEC,1922,39790,41448,
Vaught-Hemingway Stadium,Mississippi,http://upload.wikimedia.org/wikipedia/commons/thumb/d/d2/Vaught-Hemingway-Stadium_pressbox.JPG/80px-Vaught-Hemingway-Stadium_pressbox.JPG,Oxford,MS,SEC,1915,60580,62657,2009
Veterans Memorial Stadium,Troy,http://upload.wikimedia.org/wikipedia/commons/thumb/6/64/Movie_Gallery_Stadium.JPG/80px-Movie_Gallery_Stadium.JPG,Troy,AL,Sun Belt,1950,30000,26574,2004
Waldo Stadium,Western Michigan,http://upload.wikimedia.org/wikipedia/commons/thumb/2/26/WaldoStadium1.jpg/80px-WaldoStadium1.jpg,Kalamazoo,MI,MAC,1939,30200,36361,2000
Wallace Wade Stadium,Duke,http://upload.wikimedia.org/wikipedia/commons/thumb/1/1d/Wallace_Wade_Stadium_2005_Virginia_Tech_at_Duke.jpg/80px-Wallace_Wade_Stadium_2005_Virginia_Tech_at_Duke.jpg,Durham,NC,ACC,1929,33941,57500,1949
War Memorial Stadium,Wyoming,,Laramie,WY,Mountain West,1950,29181,34745,1997
"[u'Warren McGuirk Alumni Stadium', u'[O 1]']",UMass,,Hadley,MA,MAC,1965,17000,,
Williams-Brice Stadium,South Carolina,http://upload.wikimedia.org/wikipedia/commons/thumb/3/38/Williams-Brice_Stadium.jpg/80px-Williams-Brice_Stadium.jpg,Columbia,SC,SEC,1934,80250,85199,2012
Yager Stadium,Miami (OH),http://upload.wikimedia.org/wikipedia/commons/thumb/2/25/Yager-COC.jpg/80px-Yager-COC.jpg,Oxford,OH,MAC,1983,24286,30087,1999
Benson Field at Yulman Stadium,Tulane,http://upload.wikimedia.org/wikipedia/commons/thumb/c/ce/Yulman_Stadium_Homecoming.jpg/80px-Yulman_Stadium_Homecoming.jpg,New Orleans,LA,American,2014,30000,30000,2014
