Aaron Roderick,BYU,GA,1999,2001
Aaron Roderick,Snow JC,RB,2002,2002
Aaron Roderick,Southern Utah,OC/QB/WR,2003,2004
Aaron Roderick,Utah,WR,2005,2009
Aaron Roderick,Utah,HC,2010,2010
Aaron Roderick,Utah,WR,2011,2011
Aaron Roderick,Utah,PGC/WR,2012,2014
Al Borges,Salinas (CA) HS,HC,1975,1978
Al Borges,Chico (CA) Pleasant Valley HS,HC,1979,1980
Al Borges,Salinas (CA) HS,HC,1981,1981
Al Borges,California,HC,1982,1982
Al Borges,Diablo Valley CC,TE/WR,1983,1984
Al Borges,Boise State,OC,1986,1992
Al Borges,Oregon,OC,1993,1994
Al Borges,UCLA,OC,1995,1995
Al Borges,California,OC,1996,2000
Al Borges,Indiana,OC,2001,2001
Al Borges,Auburn,OC,2002,2003
Al Borges,San Diego State,OC,2004,2007
Al Borges,Michigan,OC,2009,2010
Al Borges,San Jose State,OC/QB,2011,2013
Al Golden,Red Bank Catholic HS (NJ),OC,1993,1993
Al Golden,Virginia,GA,1994,1996
Al Golden,Boston College,LB,1997,1999
Al Golden,Penn State,LB,2000,2000
Al Golden,</small>Virginia,DC,2001,2005
Al Golden,Temple,HC,2006,2010
Al Golden,Miami,FL,2011,2015
Andy Ludwig,Portland State,WR,1987,1988
Andy Ludwig,Utah,GA,1992,1992
Andy Ludwig,Cal Poly,OC,1997,1997
Andy Ludwig,Fresno State,OC,1998,2001
Andy Ludwig,Oregon,OC,2002,2004
Andy Ludwig,Utah,OC,2005,2008
Andy Ludwig,California,OC/QB,2009,2010
Andy Ludwig,San Diego State,OC,2011,2012
Andy Ludwig,Wisconsin,OC/QB,2013,2014
Andy Ludwig,Vanderbilt,OC/QB,2015,2015
Art Briles,Sundown HS (TX),GA,1979,1979
Art Briles,Sweetwater HS (TX),GA,1980,1983
Art Briles,Hamlin HS,TX,1984,1985
Art Briles,Georgetown HS,TX,1986,1987
Art Briles,Stephenville HS,TX,1988,1999
Art Briles,Texas Tech,RB,2000,2002
Art Briles,Houston,HC,2003,2007
Art Briles,Baylor,HC,2008,2015
Art Kaufman,Delta State,GA,1982,1982
Art Kaufman,Northwestern State,OLB,1983,1986
Art Kaufman,Northwestern State,DC/LB,1987,1987
Art Kaufman,Ole Miss,OLB/DE,1988,1991
Art Kaufman,Louisiana Tech,DC/LB,1992,1994
Art Kaufman,Ole Miss,DC/LB,1995,2000
Art Kaufman,Arkansas Tech,DC/LB,2001,2002
Art Kaufman,East Carolina,LB,2003,2004
Art Kaufman,Middle Tennessee,LB,2005,2007
Art Kaufman,Southern Miss,DL/ST,2008,2008
Art Kaufman,North Carolina,LB,2009,2010
Art Kaufman,North Carolina,DC/LB,2011,2011
Art Kaufman,Texas Tech,DC,2012,2012
Art Kaufman,Cincinnati,DC,2013,2013
Art Kaufman,California,DC,2014,2015
Barney Cotton,St. Cloud State,OC/OL,1989,1994
Barney Cotton,Hastings,HC,1995,1996
Barney Cotton,New Mexico State,AHC/OL,1997,2002
Barney Cotton,Nebraska,OC/OL,2003,2003
Barney Cotton,Iowa State,OC/OL,2004,2006
Barney Cotton,Ames HS (IA),HC,2007,2007
Barney Cotton,Nebraska,AHC/OL,2008,2012
Barney Cotton,Nebraska,AHC/OL/TE/RGC,2013,2014
Barney Cotton,Nebraska,HC,2014,2014
Barney Cotton,UNLV,OC/TE,2015,2015
Ben McDaniels,Warren G. Harding HS,WR,2003,2003
Ben McDaniels,Minnesota,GA,2004,2005
Ben McDaniels,Canton McKinley HS,QB,2006,2007
Ben McDaniels,Jackson HS,QB,2008,2008
Ben McDaniels,Denver Broncos,GA,2009,2009
Ben McDaniels,Denver Broncos,QB,2010,2010
Ben McDaniels,Columbia,OC/QB,2012,2012
Ben McDaniels,Tampa Bay Buccaneers,OA,2013,2013
Ben McDaniels,Rutgers,WR,2014,2014
Bill Cubit,Swarthmore College,RB/WR,1975,1976
Bill Cubit,Sharon Hill HS,PA,1977,1982
Bill Cubit,UCF,DB,1983,1984
Bill Cubit,UCF,DB/AHC,1985,1985
Bill Cubit,Martin County HS,FL,1986,1988
Bill Cubit,Florida,QB,1989,1989
Bill Cubit,Akron,RB,1990,1991
Bill Cubit,Widener,HC,1992,1996
Bill Cubit,Western Michigan,OC,1997,1999
Bill Cubit,Missouri,OC/QB,2000,2000
Bill Cubit,Rutgers,OC/QB,2001,2002
Bill Cubit,Stanford,OC/QB,2003,2004
Bill Cubit,Western Michigan,HC,2005,2012
Bill Cubit,Illinois,OC/QB,2013,2015
Bill Snyder,Gallatin HS (MO),GA,1962,1962
Bill Snyder,Indio HS (CA),GA,1964,1965
Bill Snyder,USC,GA,1966,1966
Bill Snyder,Indio HS,CA,1967,1968
Bill Snyder,Santa Ana Foothill HS,CA,1969,1973
Bill Snyder,Austin,OC,1974,1975
Bill Snyder,North Texas,GA,1976,1978
Bill Snyder,Iowa,OC/QB,1979,1988
Bill Snyder,Kansas State,HC,1989,2005
Bill Snyder,Kansas State,HC,2009,2015
Bob Davie,Pittsburgh,GA,1977,1977
Bob Davie,Arizona,LB,1978,1979
Bob Davie,Pittsburgh,LB,1980,1982
Bob Davie,Tulane,DC,1983,1984
Bob Davie,Texas A&M,LB,1985,1988
Bob Davie,Texas A&M,DC,1989,1993
Bob Davie,Notre Dame,DC,1994,1996
Bob Davie,Notre Dame,HC,1997,2001
Bob Davie,New Mexico,HC,2012,2015
Bob DeBesse,Texas State,GA,1981,1982
Bob DeBesse,TCU,RB/QB,1983,1989
Bob DeBesse,TCU,OC,1990,1991
Bob DeBesse,Minnesota,OC,1992,1996
Bob DeBesse,Texas State,HC,1997,2002
Bob DeBesse,Purdue,WR,2003,2005
Bob DeBesse,Texas A&M,WR,2006,2007
Bob DeBesse,Consol HS,HC,2008,2009
Bob DeBesse,Sam Houston State,OC,2010,2011
Bob DeBesse,New Mexico,OC,2012,2013
Bob Diaco,Iowa,GA,1996,1997
Bob Diaco,Western Illinois,RB/ST,1999,2000
Bob Diaco,Eastern Michigan,RB/LB,2001,2001
Bob Diaco,Eastern Michigan,LB/ST,2002,2002
Bob Diaco,Eastern Michigan,OLB/ST,2003,2003
Bob Diaco,Western Michigan,LB/ST,2004,2004
Bob Diaco,Central Michigan,HC,2005,2005
Bob Diaco,Virginia,LB/ST,2006,2008
Bob Diaco,Cincinnati,DC/ILB,2009,2009
Bob Diaco,Notre Dame,DC/ILB,2010,2010
Bob Diaco,Notre Dame,DC/LB,2011,2011
Bob Diaco,Notre Dame,AHC/DC/LB,2012,2013
Bob Diaco,Connecticut,HC,2014,2015
Bob Stoops,Iowa,GA,1983,1984
Bob Stoops,Iowa,HC,1985,1987
Bob Stoops,Kent State,asst,1988,1988
Bob Stoops,Kansas State,DB,1989,1990
Bob Stoops,Kansas State,HC,1991,1995
Bob Stoops,Florida,DC,1996,1998
Bob Stoops,Oklahoma,HC,1999,2015
Bobby Petrino,Carroll (MT),GA,1983,1983
Bobby Petrino,Weber State,GA,1984,1984
Bobby Petrino,Carroll (MT),OC,1985,1986
Bobby Petrino,Weber State,WR/TE,1987,1988
Bobby Petrino,Idaho,QB,1989,1989
Bobby Petrino,Idaho,OC,1990,1991
Bobby Petrino,Arizona State,QB,1992,1993
Bobby Petrino,Nevada,OC/QB,1994,1994
Bobby Petrino,Utah State,OC,1995,1997
Bobby Petrino,Louisville,OC,1998,1998
Bobby Petrino,Jacksonville Jaguars,QB,1999,2000
Bobby Petrino,Jacksonville Jaguars,OC,2001,2001
Bobby Petrino,Auburn,OC,2002,2002
Bobby Petrino,Louisville,HC,2003,2006
Bobby Petrino,Atlanta Falcons,HC,2007,2007
Bobby Petrino,Arkansas,HC,2008,2011
Bobby Petrino,Western KentuckyLouisville,HC,2013,2013
Bobby Wilder,Boston College,GA,1988,1989
Bobby Wilder,Maine,QB,1990,1999
Bobby Wilder,Maine,OC,2000,2006
Bobby Wilder,Old Dominion,HC,2009,2015
Brent Key,Georgia Tech,GA,2001,2002
Brent Key,Western Carolina,TE/RB,2004,2004
Brent Key,UCF,GA,2005,2005
Brent Key,UCF,TE,2006,2006
Brent Key,UCF,RC,2007,2007
Brent Key,UCF,TE/ST,2008,2008
Brent Key,UCF,OL,2009,2009
Brent Key,UCF,OL/RC,2010,2011
Brent Key,UCF,AHC/OL/RC,2012,2014
Brent Key,UCF,OC/RB,2015,2015
Bret Bielema,Iowa,GA,1994,1995
Bret Bielema,Iowa,LB,1996,2001
Bret Bielema,Kansas State,HC,2002,2003
Bret Bielema,Wisconsin,DC,2004,2005
Bret Bielema,Wisconsin,HC,2006,2012
Bret Bielema,Arkansas,HC,2013,2015
Brian Kelly,Assumption,GA,1983,1986
Brian Kelly,Grand Valley State,GA,1987,1990
Brian Kelly,Grand Valley State,HC,1991,2003
Brian Kelly,Central Michigan,HC,2004,2006
Brian Kelly,Cincinnati,HC,2007,2009
Brian Kelly,Notre Dame,HC,2010,2015
Brian Knorr,Air Force,HC,1992,1994
Brian Knorr,Ohio,ILB,1995,1998
Brian Knorr,Ohio,DC,1999,2000
Brian Knorr,Ohio,HC,2001,2004
Brian Knorr,Air Force,OLB/S,2005,2006
Brian Knorr,Air Force,AHC/ILB,2007,2007
Brian Knorr,Wake Forest,WR,2008,2010
Brian Knorr,Wake Forest,HC,2011,2011
Brian Knorr,Wake Forest,DC/ILB,2012,2012
Brian Knorr,Wake Forest,DC/OLB,2013,2013
Brian Knorr,Indiana,DC/DE/OLB,2014,2015
Brian Polian,Michigan State,GA,1997,1997
Brian Polian,Buffalo,TE/AOL,1998,1998
Brian Polian,Baylor,GA,1999,2000
Brian Polian,Buffalo,RB/ST,2001,2003
Brian Polian,Central Florida,RB,2004,2004
Brian Polian,Notre Dame,ST,2005,2009
Brian Polian,Stanford,ST,2010,2011
Brian Polian,Texas A&M,ST,2012,2012
Brian VanGorder,West Bloomfield HS,GA,1981,1981
Brian VanGorder,Boca Raton Academy,HC,1982,1983
Brian VanGorder,American Heritage School,HC,1984,1987
Brian VanGorder,Boca Raton Community HS,HC,1988,1988
Brian VanGorder,Grand Valley State,DC/LB,1989,1991
Brian VanGorder,Wayne State,HC,1992,1994
Brian VanGorder,Central Florida,LB/ST,1994,1996
Brian VanGorder,Central Florida,DC,1996,1997
Brian VanGorder,Central Michigan,DC,1998,1999
Brian VanGorder,Western Illinois,DC,2000,2000
Brian VanGorder,Georgia,DC,2001,2004
Brian VanGorder,Jacksonville Jaguars,LB,2005,2005
Brian VanGorder,Georgia Southern,HC,2006,2006
Brian VanGorder,Atlanta Falcons,LB,2007,2007
Brian VanGorder,Atlanta Falcons,DC,2008,2011
Brian VanGorder,Auburn,DC,2012,2012
Brian VanGorder,New York Jets,LB,2013,2013
Brian VanGorder,Notre Dame,DC/LB,2014,2015
Brian Ward,McPherson,HC,2007,2009
Bronco Mendenhall,Oregon State,HC,1989,1990
Bronco Mendenhall,Snow College,HC,1991,1992
Bronco Mendenhall,Northern Arizona,DB,1993,1993
Bronco Mendenhall,Northern Arizona,HC,1994,1994
Bronco Mendenhall,Oregon State,DL,1995,1995
Bronco Mendenhall,Oregon State,DC/DB,1996,1996
Bronco Mendenhall,Louisiana Tech,DB,1997,1997
Bronco Mendenhall,New Mexico,HC,1998,2001
Bronco Mendenhall,New Mexico,HC,2002,2002
Bronco Mendenhall,Brigham Young,HC,2003,2004
Bronco Mendenhall,Brigham Young,HC,2005,2015
Bronco Mendenhall,Oregon State,HC,1989,1990
Bronco Mendenhall,Snow College,HC,1991,1992
Bronco Mendenhall,Northern Arizona,DB,1993,1993
Bronco Mendenhall,Northern Arizona,HC,1994,1994
Bronco Mendenhall,Oregon State,DL,1995,1995
Bronco Mendenhall,Oregon State,DC/DB,1996,1996
Bronco Mendenhall,Louisiana Tech,DB,1997,1997
Bronco Mendenhall,New Mexico,HC,1998,2001
Bronco Mendenhall,New Mexico,HC,2002,2002
Bronco Mendenhall,Brigham Young,HC,2003,2004
Bronco Mendenhall,Brigham Young,HC,2005,2015
Bryan Harsin,Eastern Oregon,RB/WR,2000,2000
Bryan Harsin,Boise State,GA,2001,2001
Bryan Harsin,Boise State,TE,2002,2005
Bryan Harsin,Boise State,OC/QB,2006,2010
Bryan Harsin,Texas,HC,2011,2012
Bryan Harsin,Arkansas State,HC,2013,2013
Bryan Harsin,Boise State,HC,2014,2015
Bud Foster,Murray State,GA,1981,1982
Bud Foster,Murray State,LB/ST,1983,1986
Bud Foster,Virginia Tech,LB/ST,1987,1994
Bud Foster,Virginia Tech,DC,1995,2015
Butch Jones,Rutgers,GA,1990,1991
Butch Jones,Wilkes,OC,1992,1994
Butch Jones,Ferris State,OC,1995,1997
Butch Jones,Central Michigan,TE,1998,1998
Butch Jones,Central Michigan,RB,1999,2001
Butch Jones,Central Michigan,OC,2002,2004
Butch Jones,West Virginia,WR,2005,2006
Butch Jones,Central Michigan,HC,2007,2009
Butch Jones,Cincinnati,HC,2010,2012
Butch Jones,Tennessee,HC,2013,2015
Calvin Magee,Tampa Catholic HS (FL),AHC/OC,1990,1995
Calvin Magee,South Florida,TE,1996,1996
Calvin Magee,South Florida,RB,1997,1998
Calvin Magee,South Florida,RGC/RB,1999,2000
Calvin Magee,West Virginia,RB,2001,2006
Calvin Magee,West Virginia,OC/RB,2005,2006
Calvin Magee,West Virginia,AHC/OC/RB,2007,2007
Calvin Magee,Michigan,OC/RB,2008,2010
Calvin Magee,Pittsburgh,HC,2011,2011
Calvin Magee,Arizona,HC,2012,2015
Cam Cameron,Michigan,GA,1984,1985
Cam Cameron,Michigan,WR/QB,1986,1993
Cam Cameron,Washington Redskins,QB,1994,1996
Cam Cameron,Indiana,HC,1997,2001
Cam Cameron,San Diego Chargers,OC,2002,2006
Cam Cameron,Miami Dolphins,HC,2007,2007
Cam Cameron,Baltimore Ravens,OC,2008,2012
Cam Cameron,LSU Tigers,OC/QB,2013,2015
Chad Morris,Eustace HS,TX,1994,1997
Chad Morris,Elysian Fields HS,TX,1998,1999
Chad Morris,Bay City HS,TX,2000,2002
Chad Morris,Stephenville HS,TX,2003,2007
Chad Morris,Lake Travis HS,TX,2008,2009
Chad Morris,Tulsa,HC,2010,2010
Chad Morris,Clemson,OC/QB,2011,2014
Chad Morris,SMU,HC,2015,2015
Charles Kelly,Central (AL) HS,HC,1990,1992
Charles Kelly,Auburn,HC,1993,1993
Charles Kelly,Jacksonville State,HC,1994,1994
Charles Kelly,Jacksonville State,HC,1995,1995
Charles Kelly,Jacksonville State,HC,1996,1996
Charles Kelly,Jacksonville State,HC,1997,1998
Charles Kelly,Henderson State,HC,1999,1999
Charles Kelly,Eufaula (AL) HS,HC,2000,2001
Charles Kelly,Nicholls State,HC,2002,2003
Charles Kelly,Nicholls State,HC,2004,2005
Charles Kelly,Georgia Tech,HC,2006,2007
Charles Kelly,Georgia Tech,HC,2008,2009
Charles Kelly,Georgia Tech,HC,2010,2012
Charles Kelly,Georgia Tech,HC,2012,2012
Charles Kelly,Florida State,HC,2013,2013
Charles Kelly,Florida State,HC,2014,2015
Charlie Partridge,Drake,GA,1996,1997
Charlie Partridge,Iowa State,GA,1998,1999
Charlie Partridge,Eastern Illinois,DL/RC,2002,2002
Charlie Partridge,Pitt,DL,2003,2005
Charlie Partridge,Pitt,DL/ST,2006,2006
Charlie Partridge,Pitt,LB/ST,2007,2007
Charlie Partridge,Wisconsin,DL/ST,2008,2010
Charlie Partridge,Wisconsin,HC,2011,2012
Charlie Partridge,Arkansas,AHC/DL,2013,2013
Charlie Partridge,Florida Atlantic,HC,2014,2015
Charlie Strong,Florida,GA,1983,1984
Charlie Strong,Texas A&M,GA,1985,1985
Charlie Strong,Southern Illinois,WR,1986,1987
Charlie Strong,Florida,OLB,1988,1989
Charlie Strong,Ole Miss,WR,1990,1990
Charlie Strong,Florida,HC,1991,1994
Charlie Strong,Notre Dame,DL,1995,1998
Charlie Strong,South Carolina,DC,1999,2002
Charlie Strong,Florida,DC/DE,2003,2004
Charlie Strong,Florida,HC,2004,2004
Charlie Strong,Florida,HC,2004,2007
Charlie Strong,Florida,DC/LB,2008,2009
Charlie Strong,Louisville,HC,2010,2013
Charlie Strong,Texas,HC,2014,2015
Chris Ash,Drake,GA,1997,1997
Chris Ash,Drake,DC,1998,1999
Chris Ash,Iowa State,GA,2000,2001
Chris Ash,Iowa State,DB,2002,2005
Chris Ash,Iowa State,DB/RC,2006,2006
Chris Ash,Iowa State,DB/RC,2009,2009
Chris Ash,Wisconsin,DB,2010,2010
Chris Ash,Wisconsin,DC/DB,2011,2012
Chris Ash,Arkansas,DC/DB,2013,2013
Chris Ash,Ohio State,DC/S,2014,2015
Chris Cosh,Virginia Tech,SA,1983,1983
Chris Cosh,Minnesota,GA,1984,1984
Chris Cosh,Wisconsin-Oshkosh,DC,1985,1988
Chris Cosh,Southeast Missouri,DC,1989,1989
Chris Cosh,UNLV,LB,1990,1990
Chris Cosh,Minnesota,DL,1991,1991
Chris Cosh,Illinois,LB,1992,1994
Chris Cosh,Illinois,AHC/LB,1995,1995
Chris Cosh,Illinois,DC/BB,1996,1996
Chris Cosh,Maryland,LB,1997,1997
Chris Cosh,Michigan State,DC,1998,1998
Chris Cosh,South Carolina,LB,1999,2002
Chris Cosh,South Carolina,DC/LB,2003,2003
Chris Cosh,Kansas State,LB,2004,2005
Chris Cosh,Maryland,D/LB,2006,2008
Chris Cosh,Kansas State,HC,2009,2009
Chris Cosh,Kansas State,AHC/DC,2010,2011
Chris Cosh,South Florida,DC,2012,2012
Chris Cosh,Buffalo,DL,2013,2014
Chris Cosh,North Texas,DC,2015,2015
Chris Creighton,Concordia (IL),OC,1991,1992
Chris Creighton,Limhamns Griffins,HC,1993,1993
Chris Creighton,Manchester (IN),OC,1993,1996
Chris Creighton,Ottawa,KS,1997,2000
Chris Creighton,Wabash,HC,2001,2007
Chris Creighton,Drake,HC,2008,2013
Chris Creighton,Eastern Michigan,HC,2014,2015
Chris Petersen,UC Davis,freshman,1987,1988
Chris Petersen,UC Davis,WR,1989,1991
Chris Petersen,Pittsburgh,QB,1992,1992
Chris Petersen,Portland State,QB,1993,1994
Chris Petersen,Oregon,WR,1995,2000
Chris Petersen,Boise State,OC,2001,2005
Chris Petersen,Boise State,HC,2006,2013
Chris Petersen,Washington,HC,2014,2015
Chuck Amato,Easton Area HS (PA),Assistant,1969,1970
Chuck Amato,NC State,GA,1971,1972
Chuck Amato,NC State,DB,1973,1975
Chuck Amato,NC State,DC/LB,1976,1979
Chuck Amato,Arizona,LB,1980,1981
Chuck Amato,Florida State,DL,1982,1985
Chuck Amato,Florida State,AHC/DL,1986,1995
Chuck Amato,Florida State,AHC/LB,1996,1999
Chuck Amato,NC State,HC,2000,2006
Chuck Amato,Florida State,EHC,2007,2009
Chuck Amato,Akron,AHC/DC,2012,2015
Chuck Bresnahan,Navy,GA,1983,1983
Chuck Bresnahan,Navy,WR/TE/ST,1986,1987
Chuck Bresnahan,Georgia Tech,TE,1988,1988
Chuck Bresnahan,Georgia Tech,ILB,1889,1991
Chuck Bresnahan,Maine,DC/LB,1992,1993
Chuck Bresnahan,Cleveland Browns,LB/QC,1994,1995
Chuck Bresnahan,Indianapolis Colts,LB,1996,1997
Chuck Bresnahan,Oakland Raiders,DB,1998,1999
Chuck Bresnahan,Oakland Raiders,DC,2000,2003
Chuck Bresnahan,Cincinnati Bengals,DA,2004,2004
Chuck Bresnahan,Cincinnati Bengals,DC,2005,2007
Chuck Bresnahan,Florida Tuskers,LB,2009,2009
Chuck Bresnahan,Florida Tuskers,DC,2010,2010
Chuck Bresnahan,Oakland Raiders,DC,2011,2011
Chuck Bresnahan,Sacramento Mountain Lions,DC,2012,2012
Chuck Bresnahan,USF,DC,2013,2014
Chuck Bresnahan,UCF,DC/LB,2015,2015
Chuck Heater,Northern Arizona,RB,1976,1976
Chuck Heater,Toledo,RB,1977,1978
Chuck Heater,Toledo,DB,1979,1981
Chuck Heater,Wisconsin,DB,1982,1984
Chuck Heater,Ohio State,DB,1985,1987
Chuck Heater,Notre Dame,DB,1988,1990
Chuck Heater,Colorado State,DC,1991,1992
Chuck Heater,Colorado,RC,1993,1993
Chuck Heater,Colorado,DB,1994,1994
Chuck Heater,Colorado,TE,1995,1997
Chuck Heater,Colorado,TE/RC,1998,1998
Chuck Heater,Washington,CB/RC,1999,2001
Chuck Heater,Washington,RB/RC,2002,2003
Chuck Heater,Utah,CB/RC,2004,2004
Chuck Heater,Florida,CB/RC,2005,2007
Chuck Heater,Florida,HC,2008,2009
Chuck Heater,Florida,HC,2010,2010
Chuck Heater,Temple,DC/DB,2011,2012
Chuck Heater,Marshall,DC,2013,2015
Chuck Martin,Mankato State,GA,1992,1992
Chuck Martin,Wittenberg,LB,1994,1995
Chuck Martin,Millikin,DC/DB,1996,1997
Chuck Martin,Eastern Michigan,LB,1998,1999
Chuck Martin,Grand Valley State,DC/DB,2000,2003
Chuck Martin,Grand Valley State,HC,2004,2009
Chuck Martin,Notre Dame,DB,2010,2011
Chuck Martin,Notre Dame,OC/QB,2012,2013
Chuck Martin,Miami,OH,2014,2015
Clay Helton,Duke,HC,1995,1996
Clay Helton,Houston ()Memphis (///)USC,/,1997,1999
Clint Bowen,Kansas,GA,1996,1996
Clint Bowen,Minnesota,GA,1997,1997
Clint Bowen,Kansas,GA,1998,1999
Clint Bowen,Kansas,TE/ST,2001,2001
Clint Bowen,Kansas,RB/ST,2002,2002
Clint Bowen,Kansas,S/ST,2003,2005
Clint Bowen,Kansas,HC,2006,2007
Clint Bowen,Kansas,DC/S,2008,2009
Clint Bowen,WKU,DC,2010,2010
Clint Bowen,North Texas,DC/S,2011,2011
Clint Bowen,Kansas,S/ST,2012,2012
Clint Bowen,Kansas,LB,2013,2013
Clint Bowen,Kansas,DC/LB,2014,2014
Clint Bowen,Kansas,HC,2014,2014
Clint Bowen,Kansas,AHC/DC/S,2015,2015
Craig Bohl,North Dakota State,DB,1984,1984
Craig Bohl,Tulsa,LB,1985,1986
Craig Bohl,Wisconsin,LB,1987,1988
Craig Bohl,Rice,DC,1989,1993
Craig Bohl,Duke,LB/DC,1994,1994
Craig Bohl,Nebraska,LB,1995,1999
Craig Bohl,Nebraska,DC,2000,2002
Craig Bohl,North Dakota State,HC,2003,2013
Craig Bohl,Wyoming,HC,2014,2015
Curtis Johnson,Idaho,WR,1987,1988
Curtis Johnson,San Diego State,WR,1989,1993
Curtis Johnson,SMU,WR,1994,1994
Curtis Johnson,California,WR,1995,1995
Curtis Johnson,Miami (FL),WR,1996,2005
Curtis Johnson,New Orleans Saints,WR,2006,2011
Curtis Johnson,Tulane,HC,2012,2015
D.J. Durkin,Bowling Green,GA,2001,2002
D.J. Durkin,Notre Dame,GA,2003,2004
D.J. Durkin,Bowling Green,DE,2005,2005
D.J. Durkin,Bowling Green,LB/ST,2006,2006
D.J. Durkin,Stanford,DE/ST,2007,2009
D.J. Durkin,Florida,LB/ST,2010,2012
D.J. Durkin,Florida,DC/LB,2013,2014
D.J. Durkin,Florida,HC,2014,2014
D.J. Durkin,Michigan,DC/LB,2015,2015
Dabo Swinney,Alabama,GA,1993,1995
Dabo Swinney,Alabama,WR/TE,1996,2000
Dabo Swinney,Clemson,HC,2003,2008
Dabo Swinney,Clemson,HC,2008,2015
Dameyune Craig,Blount HS,HC,2003,2003
Dameyune Craig,LSU,GA,2004,2004
Dameyune Craig,Miami Dolphins,ST,2005,2005
Dameyune Craig,Tuskegee,QB,2006,2007
Dameyune Craig,South Alabama,WR,2008,2009
Dameyune Craig,Florida State,QB,2010,2012
Dameyune Craig,Auburn,HC,2013,2015
Dan Enos,Michigan State,GA,1991,1993
Dan Enos,Lakeland,OC/QB/WR,1994,1995
Dan Enos,Northern Michigan,OC/RB,1996,1996
Dan Enos,Southern Illinois,QB/WR,1997,1998
Dan Enos,Missouri State,OC/QB,1999,1999
Dan Enos,Western Michigan,QB,2000,2002
Dan Enos,North Dakota State,OC/QB,2003,2003
Dan Enos,Cincinnati,QB,2004,2005
Dan Enos,Michigan State,QB,2006,2006
Dan Enos,Michigan State,RB,2007,2009
Dan Enos,Central Michigan,HC,2010,2014
Dan Enos,Arkansas,OC/QB,2015,2015
Dan McCarney,Iowa,GA,1977,1978
Dan McCarney,Iowa,DL,1979,1989
Dan McCarney,Wisconsin,DC/DL,1990,1994
Dan McCarney,Iowa State,HC,1995,2006
Dan McCarney,South Florida,DL,2007,2007
Dan McCarney,Florida,DL,2008,2010
Dan McCarney,North Texas,HC,2011,2015
Dan Mullen,Wagner,WR,1994,1995
Dan Mullen,Columbia,WR,1996,1997
Dan Mullen,Syracuse,GA,1998,1998
Dan Mullen,Notre Dame,GA,1999,2000
Dan Mullen,Bowling Green,QB,2001,2002
Dan Mullen,Utah,QB,2003,2004
Dan Mullen,Florida,OC/QB,2005,2008
Dan Mullen,Mississippi State,HC,2009,2015
Dana Dimel,Kansas St.,GA,1987,1988
Dana Dimel,Kansas St.,OL,1989,1992
Dana Dimel,Kansas State,RGC/OL,1993,1994
Dana Dimel,Kansas St.,OC,1995,1996
Dana Dimel,Wyoming,HC,1997,1999
Dana Dimel,Houston,HC,2000,2002
Dana Dimel,Kansas State,GA,2005,2005
Dana Dimel,Arizona,TE,2006,2007
Dana Dimel,Arizona,TE/RB,2008,2008
Dana Dimel,Kansas State,HC,2009,2015
Dana Holgorsen,Valdosta State,QB/WR/ST,1993,1995
Dana Holgorsen,Mississippi College,QB/WR/ST,1996,1998
Dana Holgorsen,Wingate,QB/WR,1999,1999
Dana Holgorsen,Texas Tech,WR,2000,2004
Dana Holgorsen,Texas Tech,HC,2005,2006
Dana Holgorsen,Texas Tech,OC/WR,2007,2007
Dana Holgorsen,Houston,OC/QB,2008,2009
Dana Holgorsen,Oklahoma State,OC/QB,2010,2010
Dana Holgorsen,West Virginia,HC,2011,2015
Danny Hope,Manatee HS (FL),GA,1981,1984
Danny Hope,Louisville,OL,1985,1994
Danny Hope,Oklahoma,OL,1995,1995
Danny Hope,Wyoming,OL,1996,1996
Danny Hope,Purdue,OL,1997,2001
Danny Hope,Louisville,AHC,2002,2002
Danny Hope,Eastern Kentucky,HC,2003,2007
Danny Hope,Purdue,AHC/OL,2008,2008
Danny Hope,Purdue,HC,2009,2012
Danny Hope,South Florida,HC,2015,2015
Danny Langsdorf,California Lutheran,GA,1996,1996
Danny Langsdorf,Oregon State,GA,1997,1998
Danny Langsdorf,Edmonton Eskimos,WR,1999,1999
Danny Langsdorf,Edmonton Eskimos,QB,2000,2001
Danny Langsdorf,New Orleans Saints,OA/QC,2002,2002
Danny Langsdorf,New Orleans Saints,HC,2003,2004
Danny Langsdorf,Oregon State,OC/QB,2005,2013
Danny Langsdorf,New York Giants,QB,2014,2014
Danny Langsdorf,Nebraska,OC/QB/TE,2015,2015
Darrell Dickey,Texas A&M,GA,1985,1985
Darrell Dickey,Memphis,TE,1986,1986
Darrell Dickey,Memphis,RB,1987,1987
Darrell Dickey,Memphis,OC,1988,1989
Darrell Dickey,Mississippi State,QB/RB,1990,1990
Darrell Dickey,LSU,TE,1991,1993
Darrell Dickey,UTEP,OC,1994,1996
Darrell Dickey,SMU,OC,1997,1997
Darrell Dickey,North Texas,HC,1998,2006
Darrell Dickey,Utah State,OC/QB,2007,2008
Darrell Dickey,New Mexico,OC/RB,2009,2010
Darrell Dickey,Texas State,HC,2011,2011
Darrell Dickey,Memphis,OC/RB,2012,2012
Darrell Hazell,Oberlin,RB,1986,1987
Darrell Hazell,Eastern Illinois,RB/WR,1988,1988
Darrell Hazell,Oberlin,OC,1989,1991
Darrell Hazell,Penn,RB,1992,1994
Darrell Hazell,Western Michigan,WR,1995,1996
Darrell Hazell,Army,WR/TE,1997,1998
Darrell Hazell,West Virginia,RB,1999,2000
Darrell Hazell,Rutgers,WR,2001,2002
Darrell Hazell,Rutgers,HC,2003,2003
Darrell Hazell,Ohio State,WR/KR,2004,2004
Darrell Hazell,Ohio State,HC,2005,2010
Darrell Hazell,Kent State,HC,2011,2012
Darrell Hazell,Purdue,HC,2013,2015
Dave Aranda,California Lutheran,HC,1996,1998
Dave Aranda,Texas Tech,HC,1999,2001
Dave Aranda,Houston,LBs,2002,2003
Dave Aranda,California Lutheran,DC/LBs,2005,2006
Dave Aranda,Delta State,HC,2007,2007
Dave Aranda,Southern Utah,DC,2008,2008
Dave Aranda,Hawaii,DL,2008,2009
Dave Aranda,Hawaii,DC,2010,2011
Dave Aranda,Utah State,DC,2012,2012
Dave Aranda,Wisconsin,DC,2013,2015
Dave Baldwin,Granada Hills HS,AC,1978,1978
Dave Baldwin,Cal State Northridge,GA,1979,1980
Dave Baldwin,San Jose State,WR,1981,1984
Dave Baldwin,Stanford,WR,1985,1988
Dave Baldwin,Santa Barbara JC,HC,1990,1993
Dave Baldwin,Santa Rosa JC,HC,1994,1994
Dave Baldwin,Cal State Northridge,HC,1995,1996
Dave Baldwin,San Jose State,HC,1997,2000
Dave Baldwin,Cincinnati,OC,2001,2001
Dave Baldwin,Baylor,OC/QB,2002,2002
Dave Baldwin,Michigan State,OC/TE,2003,2006
Dave Baldwin,New Mexico,OC/QB,2007,2008
Dave Baldwin,Utah State,OC,2009,2011
Dave Baldwin,Colorado State,OC,2012,2014
Dave Baldwin,Oregon State,OC,2015,2015
Dave Clawson,Albany,QB/RB/DB,1989,1990
Dave Clawson,Buffalo,QB/RB/DB,1991,1992
Dave Clawson,Lehigh,RB/OC/RB,1993,1995
Dave Clawson,Villanova,OC,1996,1998
Dave Clawson,Fordham,HC,1999,2004
Dave Clawson,Richmond,HC,2004,2007
Dave Clawson,Tennessee,OC,2008,2008
Dave Clawson,Bowling Green,HC,2009,2013
Dave Clawson,Wake Forest,HC,2014,2015
Dave Doeren,Drake,LB,1995,1996
Dave Doeren,Drake,DC/DB,1997,1997
Dave Doeren,USC,GA,1998,1999
Dave Doeren,Montana,DB,2000,2001
Dave Doeren,Kansas,LB/RC,2002,2004
Dave Doeren,Kansas,HC,2005,2005
Dave Doeren,Wisconsin,HC,2006,2007
Dave Doeren,Wisconsin,DC/LB,2008,2010
Dave Doeren,Northern Illinois,HC,2011,2012
Dave Doeren,NC State,HC,2013,2015
Dave Huxtable,WKU,LB,1985,1989
Dave Huxtable,ECU,LB/ST,1990,1991
Dave Huxtable,Georgia Tech,LB/DC/ST,1992,1997
Dave Huxtable,ECU,LB/DL,1998,1999
Dave Huxtable,Oklahoma State,LB,2000,2000
Dave Huxtable,UNC,LB/DC/ST,2001,2003
Dave Huxtable,UCF,LB/DC/ST,2004,2010
Dave Huxtable,Wisconsin,LB,2011,2011
Dave Huxtable,Pittsburgh,DC,2012,2012
Dave Huxtable,NC State,DC,2013,2015
Dave Schramm,Patrick Henry HS,GA,1984,1987
Dave Schramm,Austin Peay,RB/TE,1988,1988
Dave Schramm,Nebraska,GA,1989,1989
Dave Schramm,San Diego State,RC,1990,1991
Dave Schramm,San Diego State,OL,1992,1992
Dave Schramm,San Diego State,S,1993,1993
Dave Schramm,San Diego State,TE,1994,1996
Dave Schramm,San Diego State,RB,1997,2001
Dave Schramm,Texas State,AHC/RB,2002,2002
Dave Schramm,Montana,OT/TE/RC,2003,2004
Dave Schramm,Utah,RB/RC,2005,2008
Dave Schramm,Utah,OC/QB,2009,2009
Dave Schramm,Utah,HC,2010,2010
Dave Schramm,Utah,RB,2011,2011
David Bailiff,New Braunfels HS,DL,1982,1984
David Bailiff,Southwest Texas State,GA,1988,1988
David Bailiff,Southwest Texas State,DL,1989,1991
David Bailiff,New Mexico,DL,1992,1996
David Bailiff,Southwest Texas State,DC,1997,2000
David Bailiff,TCU,DC,2001,2003
David Bailiff,Texas State,HC,2004,2006
David Bailiff,Rice,HC,2007,2015
David Cutcliffe,Banks HS (AL),Assistant,1976,1979
David Cutcliffe,Banks HS,AL,1980,1981
David Cutcliffe,Tennessee,Assistant,1982,1982
David Cutcliffe,Tennessee,TE,1983,1988
David Cutcliffe,Tennessee,RB,1989,1989
David Cutcliffe,Tennessee,QB,1990,1991
David Cutcliffe,Tennessee,PGC/QB,1992,1992
David Cutcliffe,Tennessee,OC/QB,1993,1994
David Cutcliffe,Tennessee,AHC/OC/QB,1995,1998
David Cutcliffe,Ole Miss,HC,1998,2004
David Cutcliffe,Notre Dame,AHC/QB,2005,2005
David Cutcliffe,Tennessee,AHC/OC/QB,2006,2007
David Cutcliffe,Duke,HC,2008,2015
David Duggan,Allegheny College,LB,1987,1987
David Duggan,New Hampshire,LB,1988,1991
David Duggan,Holy Cross,LB,1992,1995
David Duggan,Brown,DC,1998,2000
David Duggan,Berlin Thunder,DC/LB,2001,2003
David Duggan,Cologne Centurions,DC/LB,2004,2005
David Duggan,Cologne Centurions,HC,2006,2007
David Duggan,Southern Miss,LB,2008,2010
David Duggan,Southern Miss,HC,2011,2011
David Duggan,North Carolina,OLB/STC,2012,2012
David Gibbs,Oklahoma,GA,1991,1992
David Gibbs,Colorado,GA,1993,1994
David Gibbs,Kansas,secondary,1995,1996
David Gibbs,Minnesota,DC,1997,2000
David Gibbs,Denver Broncos,safeties,2001,2001
David Gibbs,Denver Broncos,secondary,2002,2002
David Gibbs,Denver Broncos,DB,2003,2004
David Gibbs,Auburn,DC,2005,2005
David Gibbs,Kansas City Chiefs,DB,2006,2008
David Gibbs,Houston Texans,DB,2009,2010
David Gibbs,Virginia Destroyers,DB,2012,2012
David Gibbs,Houston,DC,2013,2014
David Gibbs,Houston,HC,2014,2014
David Gibbs,Texas Tech,DC,2015,2015
David Shaw,Western Washington,LB,1995,1995
David Shaw,Western Washington,TE,1996,1996
David Shaw,Philadelphia Eagles,QC,1997,1997
David Shaw,Oakland Raiders,QC,1998,2000
David Shaw,Oakland Raiders,QB,2001,2001
David Shaw,Baltimore Ravens,QB/WR,2002,2004
David Shaw,Baltimore Ravens,WR,2005,2005
David Shaw,Univ. of San Diego,WR/QB,2006,2006
David Shaw,Stanford,OC/WR,2007,2009
David Shaw,Stanford,OC/RB,2010,2010
David Shaw,Stanford,HC,2011,2015
Dennis Franchione,Miller HS,MO,1973,1974
Dennis Franchione,Mulvane HS (KS),GA,1975,1975
Dennis Franchione,Peabody-Burns HS,KS,1976,1977
Dennis Franchione,Kansas State,GA,1978,1980
Dennis Franchione,Southwestern,KS,1981,1982
Dennis Franchione,Tennessee Tech,OC,1983,1984
Dennis Franchione,Pittsburg State,HC,1985,1989
Dennis Franchione,Southwest Texas State,HC,1990,1991
Dennis Franchione,New Mexico,HC,1992,1997
Dennis Franchione,TCU,HC,1998,2000
Dennis Franchione,Alabama,HC,2001,2002
Dennis Franchione,Texas A&M,HC,2003,2007
Dennis Franchione,Texas State,HC,2011,2015
Derek Mason,Mesa Community College,WR,1994,1994
Derek Mason,Weber State,WR,1995,1996
Derek Mason,Idaho State,RB,1997,1998
Derek Mason,Bucknell,DB,1999,2001
Derek Mason,Utah,WR/ST,2002,2002
Derek Mason,St. Mary's,HC,2003,2003
Derek Mason,New Mexico State,WR,2004,2004
Derek Mason,Ohio,WR,2005,2006
Derek Mason,Minnesota Vikings,DB,2007,2009
Derek Mason,Stanford,DB,2010,2010
Derek Mason,Stanford,HC,2011,2011
Derek Mason,Stanford,HC,2012,2013
Derek Mason,Vanderbilt,HC,2014,2015
Derek Mason,Mesa Community College,WR,1994,1994
Derek Mason,Weber State,WR,1995,1996
Derek Mason,Idaho State,RB,1997,1998
Derek Mason,Bucknell,DB,1999,2001
Derek Mason,Utah,WR/ST,2002,2002
Derek Mason,St. Mary's,HC,2003,2003
Derek Mason,New Mexico State,WR,2004,2004
Derek Mason,Ohio,WR,2005,2006
Derek Mason,Minnesota Vikings,DB,2007,2009
Derek Mason,Stanford,DB,2010,2010
Derek Mason,Stanford,HC,2011,2011
Derek Mason,Stanford,HC,2012,2013
Derek Mason,Vanderbilt,HC,2014,2015
Dino Babers,Hawaii,GA,1984,1984
Dino Babers,Arizona State,GA,1985,1985
Dino Babers,Eastern Illinois,RB,1987,1987
Dino Babers,UNLV,ST/RB,1988,1989
Dino Babers,Northern Arizona,ST,1990,1990
Dino Babers,Purdue,WR,1991,1993
Dino Babers,San Diego State,WR,1994,1994
Dino Babers,Arizona,WR/RB/QB,1995,1997
Dino Babers,Arizona,OC/QB,1998,2000
Dino Babers,Texas A&M,OC/QB,2001,2002
Dino Babers,Pittsburgh,RB,2003,2003
Dino Babers,UCLA,HC,2004,2007
Dino Babers,Baylor,WR/RC,2008,2008
Dino Babers,Baylor,ST/WR,2009,2011
Dino Babers,Eastern Illinois,HC,2012,2013
Dino Babers,Bowling Green,HC,2014,2015
Don Brown,Dartmouth,Assistant,1982,1982
Don Brown,Mansfield,DC,1983,1983
Don Brown,Dartmouth,DC,1984,1986
Don Brown,Yale,DC,1987,1992
Don Brown,Plymouth State,HC,1993,1995
Don Brown,Brown,DC,1996,1997
Don Brown,UMass,DC,1998,1999
Don Brown,Northeastern,HC,2000,2003
Don Brown,UMass,HC,2004,2008
Don Brown,Maryland,DC/CB,2009,2010
Don Brown,Connecticut,DC/CB,2011,2012
Don Brown,Boston College,DC/LB,2013,2015
Don Brown,Yale,HC,1992,1992
Don Pellum,Oregon,GA,1985,1986
Don Pellum,Willamette,DL,1987,1987
Don Pellum,Oregon,RC,1988,1989
Don Pellum,California,RC,1990,1992
Don Pellum,Oregon,LB,1993,1995
Don Pellum,Oregon,S,1996,1996
Don Pellum,Oregon,LB,1997,1998
Don Pellum,Oregon,DL,1999,1999
Don Pellum,Oregon (LB),RC,2000,2013
Don Pellum,Oregon (DC)(RC),LB,2014,2015
Don Treadwell,Youngstown State,OC,1986,1991
Don Treadwell,Miami (OH),RB/WR,1992,1993
Don Treadwell,Cincinnati,WR,1994,1994
Don Treadwell,Stanford,RB,1995,1996
Don Treadwell,Boston College,PGC,1997,1998
Don Treadwell,NC State,RB,1999,1999
Don Treadwell,Michigan State,WR,2000,2002
Don Treadwell,Ball State,OC/WR,2003,2003
Don Treadwell,Cincinnati,OC,2004,2006
Don Treadwell,Michigan St.,OC,2007,2010
Don Treadwell,Michigan St.,HC,2010,2010
Don Treadwell,Miami,OH,2011,2013
Don Treadwell,Kent St.,RB,2014,2014
Don Treadwell,Kent St.,OC/QB,2015,2015
Doug Martin,Kentucky,GA,1986,1987
Doug Martin,ETSU,RB,1988,1988
Doug Martin,ETSU,OC/QB/WR,1989,1991
Doug Martin,East Carolina,TE/ST,1992,1993
Doug Martin,East Carolina,WR,1994,1995
Doug Martin,East Carolina,OC,1996,2002
Doug Martin,Kent State,OC/QB,2003,2003
Doug Martin,Kent State,HC,2004,2010
Doug Martin,New Mexico State,OC/QB,2011,2011
Doug Martin,Boston College,OC/QB,2012,2012
Doug Martin,New Mexico State,HC,2013,2015
Doug Martin,Kentucky,GA,1986,1987
Doug Martin,ETSU,RB,1988,1988
Doug Martin,ETSU,OC/QB/WR,1989,1991
Doug Martin,East Carolina,TE/ST,1992,1993
Doug Martin,East Carolina,WR,1994,1995
Doug Martin,East Carolina,OC,1996,2002
Doug Martin,Kent State,OC/QB,2003,2003
Doug Martin,Kent State,HC,2004,2010
Doug Martin,New Mexico State,OC/QB,2011,2011
Doug Martin,Boston College,OC/QB,2012,2012
Doug Martin,New Mexico State,HC,2013,2015
Doug Nussmeier,BC Lions,QB,2001,2001
Doug Nussmeier,Ottawa Renegades,QB,2002,2002
Doug Nussmeier,Michigan State,QB,2003,2005
Doug Nussmeier,St. Louis Rams,QB,2006,2007
Doug Nussmeier,Fresno State,OC/QB,2008,2008
Doug Nussmeier,Washington,OC/QB,2009,2011
Doug Nussmeier,Alabama,OC/QB,2012,2013
Doug Nussmeier,Michigan,OC/QB,2014,2014
Doug Nussmeier,Florida,OC/QB,2015,2015
Eric Morris,Houston,GA,2010,2011
Eric Morris,Washington State,WRs,2012,2012
Eric Morris,Texas Tech,OC/WRs,2013,2015
Frank Beamer,Maryland,GA,1972,1972
Frank Beamer,The Citadel,DL,1973,1976
Frank Beamer,The Citadel,DC,1977,1978
Frank Beamer,Murray State,DC,1979,1980
Frank Beamer,Murray State,HC,1981,1986
Frank Beamer,Virginia Tech,HC,1987,2015
Frank Solich,Holy Name HS,OH,1966,1967
Frank Solich,Lincoln Southeast HS,NE,1968,1978
Frank Solich,Nebraska,freshman,1979,1982
Frank Solich,Nebraska,RB,1983,1997
Frank Solich,Nebraska,HC,1998,2003
Frank Solich,Ohio,HC,2005,2015
Garrick McGee,Langston,Assistant,1996,1998
Garrick McGee,Northern Iowa,WR,1999,1999
Garrick McGee,Jacksonville Jaguars,QC,2000,2001
Garrick McGee,Toledo,WR,2002,2002
Garrick McGee,UNLV,WR,2003,2003
Garrick McGee,Northwestern,WR,2004,2005
Garrick McGee,Northwestern,OC/QB,2006,2007
Garrick McGee,Arkansas,QB,2008,2009
Garrick McGee,Arkansas,OC/QB,2010,2011
Garrick McGee,UAB,HC,2012,2013
Garrick McGee,Louisville,AHC/OC/QB,2014,2015
Gary Andersen,Southeastern Louisiana,OC,1988,1988
Gary Andersen,Ricks College,OL,1989,1992
Gary Andersen,Idaho State,DL,1992,1994
Gary Andersen,Park City HS,UT,1994,1995
Gary Andersen,Northern Arizona,DL/ST,1995,1996
Gary Andersen,Utah,DL/ST,1997,2002
Gary Andersen,Southern Utah,HC,2003,2003
Gary Andersen,Utah,DL,2004,2004
Gary Andersen,Utah,DC,2005,2008
Gary Andersen,Utah State,HC,2009,2012
Gary Andersen,Wisconsin,HC,2013,2014
Gary Andersen,Oregon State,HC,2015,2015
Gary Patterson,Kansas State,GA,1982,1982
Gary Patterson,Tennessee Tech,LB,1983,1984
Gary Patterson,UC Davis,LB,1986,1986
Gary Patterson,Cal Lutheran,DC,1987,1987
Gary Patterson,Pittsburg State,LB,1988,1988
Gary Patterson,Sonoma State,DC,1989,1991
Gary Patterson,Oregon Lightning Bolts,HC,1992,1992
Gary Patterson,Utah State,DB,1992,1994
Gary Patterson,Navy,DB,1995,1995
Gary Patterson,New Mexico,DC,1996,1997
Gary Patterson,TCU,DC,1998,2000
Gary Patterson,TCU,HC,2000,2015
Gary Pinkel,Kent State,GA,1974,1975
Gary Pinkel,Washington,TE,1976,1976
Gary Pinkel,Bowling Green,WR,1977,1978
Gary Pinkel,Washington,WR,1979,1983
Gary Pinkel,Washington,OC/WR,1984,1990
Gary Pinkel,Toledo,HC,1991,2000
Gary Pinkel,Missouri,HC,2001,2015
Gene Chizik,Seminole HS (FL),DC/ILB,1986,1987
Gene Chizik,Clemson,GA,1988,1989
Gene Chizik,Middle Tennessee,DE,1990,1991
Gene Chizik,Stephen F. Austin,LB,1992,1995
Gene Chizik,Stephen F. Austin,DC,1996,1997
Gene Chizik,UCF,DC/DB,1998,2001
Gene Chizik,Auburn,DC/DB,2002,2004
Gene Chizik,Texas,HC,2005,2006
Gene Chizik,Iowa State,HC,2007,2008
Gene Chizik,Auburn,HC,2009,2012
Gene Chizik,North Carolina,DC,2015,2015
George O'Leary,Central Islip HS,AHC,1968,1974
George O'Leary,Central Islip HS,HC,1975,1976
George O'Leary,Liverpool HS,HC,1977,1979
George O'Leary,Syracuse,DL,1980,1986
George O'Leary,Georgia Tech,DC,1987,1991
George O'Leary,San Diego Chargers,DL,1992,1993
George O'Leary,Georgia Tech,HC,1994,2001
George O'Leary,Minnesota Vikings,DL,2002,2002
George O'Leary,Minnesota Vikings,DC,2003,2003
George O'Leary,UCF,HC,2004,2015
Greg Davis,Barbe HS (LA),Assistant,1973,1974
Greg Davis,PNG HS (TX),Assistant,1975,1977
Greg Davis,Texas A&M,QB,1978,1984
Greg Davis,Tulane,AHC/WR,1985,1987
Greg Davis,Tulane,HC,1988,1991
Greg Davis,Arkansas,OC/QB,1992,1993
Greg Davis,Georgia,PGC,1994,1995
Greg Davis,North Carolina,OC/QB,1996,1997
Greg Davis,Texas,OC/QB,1998,2010
Greg Davis,Iowa,OC/QB,2012,2015
Greg Hudson,Redlands,LB,1990,1992
Greg Hudson,Notre Dame,GA,1993,1993
Greg Hudson,Connecticut,OL,1994,1996
Greg Hudson,Cincinnati,TE,1997,1997
Greg Hudson,Cincinnati,RB,1998,1998
Greg Hudson,Cincinnati,LB,1999,1999
Greg Hudson,Cincinnati,AHC/LB,2000,2000
Greg Hudson,Minnesota,LB/RC,2001,2001
Greg Hudson,Minnesota,DC,2002,2004
Greg Hudson,East Carolina,DC/S,2005,2005
Greg Hudson,East Carolina,DC/MLB,2006,2006
Greg Hudson,East Carolina,DC/LB,2007,2009
Greg Hudson,Florida State,LB,2010,2012
Greg Hudson,Purdue,DC,2013,2015
Greg Robinson,Pacific (CA),GA,1975,1976
Greg Robinson,Cal State Fullerton,GA,1977,1979
Greg Robinson,NC State,GA,1980,1981
Greg Robinson,UCLA,DL,1982,1988
Greg Robinson,UCLA,OC,1989,1989
Greg Robinson,New York Jets,DL,1990,1993
Greg Robinson,New York Jets,DC,1994,1994
Greg Robinson,Denver Broncos,DC,1995,2000
Greg Robinson,Kansas City Chiefs,DC,2001,2003
Greg Robinson,Texas,DC,2004,2004
Greg Robinson,Syracuse,HC,2005,2008
Greg Robinson,Michigan,DC,2009,2010
Greg Robinson,Saint Francis HS (CA),GA,2012,2012
Greg Robinson,Texas,DC,2013,2013
Greg Robinson,San Jose State,DC,2014,2015
Gus Malzahn,Hughes (AR) HS,DC,1991,1991
Gus Malzahn,Hughes,HC,1992,1995
Gus Malzahn,Shiloh Christian,HC,1996,2000
Gus Malzahn,Springdale,HC,2001,2005
Gus Malzahn,Arkansas,OC/WR,2006,2006
Gus Malzahn,Tulsa,HC,2007,2008
Gus Malzahn,Auburn,OC/QB,2009,2011
Gus Malzahn,Arkansas State,HC,2012,2012
Gus Malzahn,Auburn,HC,2013,2015
Harlon Barnett,Princeton H.S.,DB,1998,1999
Harlon Barnett,Princeton H.S.,DC,2000,2002
Harlon Barnett,LSU,GA,2003,2003
Harlon Barnett,Cincinnati,DB,2004,2006
Harlon Barnett,Michigan State,DB,2007,2014
Harlon Barnett,Michigan State,HC,2015,2015
Hugh Freeze,Briarcrest HS (TN),OC/DB,1992,1994
Hugh Freeze,Briarcrest HS,TN,1995,2004
Hugh Freeze,Ole Miss,TE/RC,2005,2007
Hugh Freeze,Lambuth,HC,2008,2009
Hugh Freeze,Arkansas State,OC,2010,2010
Hugh Freeze,Arkansas State,HC,2011,2011
Hugh Freeze,Ole Miss,HC,2012,2015
James Coley,Miami Senior High School,QB,1997,1999
James Coley,LSU,HC,2003,2004
James Coley,Miami Dolphins,HC,2005,2006
James Coley,FIU,OC/QB,2007,2007
James Coley,Florida State,TE/RC,2008,2009
James Coley,Florida State,OC/TE/RC,2010,2012
James Coley,Miami (FL),OC/QB,2013,2015
James Franklin,Kutztown,WR,1995,1995
James Franklin,East Stroudsburg,DB,1996,1996
James Franklin,Roskilde Kings,OC,1996,1996
James Franklin,James Madison,WR,1997,1997
James Franklin,Washington State,TE,1998,1998
James Franklin,Idaho State,WR,1999,1999
James Franklin,Maryland,WR,2000,2004
James Franklin,Green Bay Packers,WR,2005,2005
James Franklin,Kansas State,OC/QB,2006,2007
James Franklin,Maryland,OC,2008,2010
James Franklin,Vanderbilt,HC,2011,2013
James Franklin,Penn State,HC,2014,2015
James Willis,Auburn,SA,2002,2002
James Willis,Auburn,GA,2003,2003
James Willis,Rhode Island,LB,2004,2005
James Willis,Temple,LB,2005,2005
James Willis,Auburn,LB,2006,2008
James Willis,Alabama,AHC/LB,2009,2009
James Willis,Texas Tech,DC,2010,2010
James Willis,Virginia Destroyers,DC,2011,2011
James Willis,Louisiana-Lafayette,DC/LB,2012,2015
James Willis,New Orleans Saints,DA/LB,2015,2015
Jeff Brohm,Louisville Fire,HC,2002,2002
Jeff Brohm,Louisville,QB,2003,2006
Jeff Brohm,Louisville,AHC/PGC,2007,2007
Jeff Brohm,Louisville,AHC/OC,2008,2008
Jeff Brohm,Florida Atlantic,QB,2009,2009
Jeff Brohm,Illinois,QB,2010,2011
Jeff Brohm,UAB,OC/QB,2012,2012
Jeff Brohm,Western Kentucky,AHC/OC,2013,2013
Jeff Brohm,Western Kentucky,HC,2014,2015
Jeff Casteel,California (PA),GA,1984,1986
Jeff Casteel,Miami Palmetto HS (FL),DL,1987,1987
Jeff Casteel,Shepherd,DL,1988,1990
Jeff Casteel,Shepherd,AHC/DC,1991,1999
Jeff Casteel,UTEP,DE,2000,2000
Jeff Casteel,West Virginia,DL,2001,2001
Jeff Casteel,West Virginia,HC,2002,2002
Jeff Casteel,West Virginia,DC/LB,2003,2011
Jeff Casteel,Arizona,DC/LB,2012,2015
Jeff Horton,Minnesota,GA,1984,1984
Jeff Horton,Nevada,GA,1985,1989
Jeff Horton,UNLV,AHC,1990,1991
Jeff Horton,Nevada,WR,1992,1992
Jeff Horton,Nevada,HC,1993,1993
Jeff Horton,UNLV,HC,1994,1998
Jeff Horton,Wisconsin,QB,1999,2005
Jeff Horton,St. Louis Rams,HC,2006,2007
Jeff Horton,St. Louis Rams,HC,2008,2008
Jeff Horton,Detroit Lions,QB,2009,2009
Jeff Horton,Minnesota,HC,2010,2010
Jeff Horton,San Diego State,AHC/RB,2011,2015
Jeff Jagodzinski,Wisconsin-Whitewater,RB,1985,1985
Jeff Jagodzinski,Northern Illinois,OL,1986,1986
Jeff Jagodzinski,LSU,GA,1987,1988
Jeff Jagodzinski,East Carolina,TE/AOL,1989,1991
Jeff Jagodzinski,East Carolina,OL,1992,1996
Jeff Jagodzinski,Boston College,OC/OL,1997,1998
Jeff Jagodzinski,Green Bay Packers,TE,1999,2003
Jeff Jagodzinski,Atlanta Falcons,TE,2004,2004
Jeff Jagodzinski,Atlanta Falcons,OL,2005,2005
Jeff Jagodzinski,Green Bay Packers,OC,2006,2006
Jeff Jagodzinski,Boston College,HC,2007,2008
Jeff Jagodzinski,Tampa Bay Buccaneers,OC,2009,2009
Jeff Jagodzinski,Omaha Nighthawks,HC,2010,2010
Jeff Jagodzinski,Ave Maria,WR,2012,2012
Jeff Jagodzinski,Georgia State,OC,2013,2015
Jeff Monken,Hawaii,GA,1989,1990
Jeff Monken,Arizona State,GA,1991,1991
Jeff Monken,Buffalo,WR/TE,1992,1994
Jeff Monken,Morton HS,IL,1995,1995
Jeff Monken,Concordia (IL),OL,1996,1996
Jeff Monken,Georgia Southern,RB,1997,2001
Jeff Monken,Navy,RB,2002,2005
Jeff Monken,Navy,RB/ST,2006,2007
Jeff Monken,Georgia Tech,RB/ST,2008,2009
Jeff Monken,Georgia Southern,HC,2010,2013
Jeff Monken,Army,HC,2014,2015
Jeremy Pruitt,Alabama,HC,1997,1997
Jeremy Pruitt,Plainview HS,HC,1998,1998
Jeremy Pruitt,West Alabama,HC,1999,1999
Jeremy Pruitt,Alabama ()Alabama,HC,2001,2003
Jeremy Pruitt,Florida State,HC,2004,2004
Jeremy Pruitt,Georgia,HC,2005,2006
Jerry Kill,Pittsburg State,DC,1985,1987
Jerry Kill,Webb City HS,MO,1988,1990
Jerry Kill,Pittsburg State,OC,1991,1993
Jerry Kill,Saginaw Valley State,HC,1994,1998
Jerry Kill,Emporia State,HC,1999,2000
Jerry Kill,Southern Illinois,HC,2001,2007
Jerry Kill,Northern Illinois,HC,2008,2010
Jerry Kill,Minnesota,HC,2011,2015
Jim Bollman,Miami (OH),GA,1977,1977
Jim Bollman,Miami (OH),OL,1978,1982
Jim Bollman,NC State,AHC/OL,1983,1984
Jim Bollman,NC State,AHC/LB,1985,1985
Jim Bollman,Youngstown State,DC,1986,1988
Jim Bollman,Virginia,OL,1991,1994
Jim Bollman,Michigan State,OL,1995,1997
Jim Bollman,Philadelphia Eagles,TE,1998,1998
Jim Bollman,Chicago Bears,TE,1999,2000
Jim Bollman,Ohio State,OC/OL,2001,2011
Jim Bollman,Boston College,OL/RGC,2012,2012
Jim Bollman,Michigan State,OC,2013,2015
Jim Chaney,Cal State Fullerton,GA,1985,1992
Jim Chaney,Wyoming,GA,1993,1994
Jim Chaney,Wyoming,OL/RC,1995,1996
Jim Chaney,Purdue,OC,1997,2005
Jim Chaney,St. Louis Rams,HC,2006,2007
Jim Chaney,St. Louis Rams,TE,2008,2008
Jim Chaney,Tennessee,OC,2009,2012
Jim Chaney,Tennessee,HC,2012,2012
Jim Chaney,Arkansas,OC/QB,2013,2014
Jim Chaney,Pittsburgh,OC/QB,2015,2015
Jim Collins,Central Michigan,GA,1989,1990
Jim Collins,Illinois Wesleyan,OC,1991,1993
Jim Collins,Dubuque,HC,1994,1996
Jim Collins,Capital,OH,1997,2007
Jim Collins,Saginaw Valley State,HC,2008,2015
Jim Knowles,Cornell,DL,1988,1988
Jim Knowles,Cornell,RB,1989,1994
Jim Knowles,Cornell,LB,1995,1996
Jim Knowles,Western Michigan,DL,1997,2000
Jim Knowles,Western Michigan,DC,2001,2002
Jim Knowles,Mississippi,LB/RC,2003,2003
Jim Knowles,Cornell,HC,2004,2009
Jim Knowles,Duke,DC,2010,2015
Jim L. Mora,Washington,GA,1984,1984
Jim L. Mora,San Diego Chargers,HC,1985,1988
Jim L. Mora,San Diego Chargers,DB,1989,1991
Jim L. Mora,New Orleans Saints,DB,1992,1996
Jim L. Mora,San Francisco 49ers,DB,1997,1998
Jim L. Mora,San Francisco 49ers,DC,1999,2003
Jim L. Mora,Atlanta Falcons,HC,2004,2006
Jim L. Mora,Seattle Seahawks,AHC/DB,2007,2008
Jim L. Mora,Seattle Seahawks,HC,2009,2009
Jim L. Mora,UCLA,HC,2012,2015
Jim Leavitt,Missouri,GA,1978,1979
Jim Leavitt,Dubuque,DC,1980,1981
Jim Leavitt,Morningside,ST,1982,1982
Jim Leavitt,Morningside,DC,1983,1987
Jim Leavitt,Iowa,Intern,1988,1988
Jim Leavitt,Iowa,GA,1989,1989
Jim Leavitt,Kansas State,LB,1990,1991
Jim Leavitt,Kansas State,HC,1992,1995
Jim Leavitt,South Florida,HC,1996,2009
Jim Leavitt,San Francisco 49ers,LB,2011,2014
Jim Leavitt,Colorado,DC,2015,2015
Jim McElwain,Eastern Washington,QB/WR,1987,1994
Jim McElwain,Montana State,OC/WR/ST,1995,1999
Jim McElwain,Louisville,WR/ST,2000,2002
Jim McElwain,Michigan State,AHC/WR/ST,2003,2005
Jim McElwain,Oakland Raiders,QB,2006,2006
Jim McElwain,Fresno State,OC/QB,2007,2007
Jim McElwain,Alabama,OC/QB,2008,2011
Jim McElwain,Colorado State,HC,2012,2014
Jim McElwain,Florida,HC,2015,2015
Jimbo Fisher,Samford,GA/QB,1988,1990
Jimbo Fisher,Samford,OC/QB,1991,1992
Jimbo Fisher,Auburn,QB,1993,1998
Jimbo Fisher,Cincinnati,OC/QB,1999,1999
Jimbo Fisher,LSU,OC/QB,2000,2006
Jimbo Fisher,Florida State,OC/QB,2007,2009
Jimbo Fisher,Florida State,HC,2010,2015
Joe Craddock,Briarwood Christian HS,OC,2010,2011
Joe Craddock,Clemson,GA,2012,2014
Joe Craddock,SMU,OC/QB,2015,2015
Joe Rudolph,Ohio State,GA,2004,2006
Joe Rudolph,Nebraska,TE,2007,2007
Joe Rudolph,Wisconsin,TE,2008,2011
Joe Rudolph,Pittsburgh,AHC/OC,2012,2014
Joe Rudolph,Pittsburgh,HC,2014,2014
Joe Rudolph,Wisconsin,AHC/OC/OL,2015,2015
John Shoop,Dartmouth,VQB,1991,1991
John Shoop,Vanderbilt,GA,1992,1994
John Shoop,Carolina Panthers,OQC,1995,1996
John Shoop,Carolina Panthers,QB,1997,1998
John Shoop,Chicago Bears,QB,1999,2000
John Shoop,Chicago Bears,OC,2001,2003
John Shoop,Tampa Bay Buccaneers,QB,2004,2004
John Shoop,Oakland Raiders,QB,2005,2005
John Shoop,Oakland Raiders,TE,2006,2006
John Shoop,North Carolina,OC,2007,2011
John Shoop,Purdue,OC,2013,2015
John Thompson,Arkansas,GA,1982,1982
John Thompson,Northwestern State,DC,1983,1986
John Thompson,Alabama,LB,1987,1987
John Thompson,Northwestern State,DC,1988,1989
John Thompson,Louisiana Tech,DC,1990,1991
John Thompson,Southern Miss,DC,1992,1998
John Thompson,Memphis,DC,1999,1999
John Thompson,Arkansas,DC,2000,2001
John Thompson,Florida,DC/MLB,2002,2002
John Thompson,East Carolina,HC,2003,2004
John Thompson,South Carolina,HC,2005,2005
John Thompson,Ole Miss,DC,2007,2007
John Thompson,Georgia State,AHC/DC/ILB,2008,2011
John Thompson,Arkansas State,DC/LB,2012,2013
John Thompson,Arkansas State,HC,2012,2012
John Thompson,Arkansas State,HC,2013,2013
John Thompson,Texas State,DC,2014,2015
Jon Heacock,Toledo,GA,1983,1983
Jon Heacock,Steubenville HS (OH),HC,1984,1984
Jon Heacock,West Liberty,GA,1985,1987
Jon Heacock,Michigan,GA,1988,1989
Jon Heacock,Army,GA,1990,1990
Jon Heacock,Youngstown State,GA,1991,1996
Jon Heacock,Indiana,DC,1997,1999
Jon Heacock,Youngstown State,DC,2000,2000
Jon Heacock,Youngstown State,HC,2001,2009
Jon Heacock,Kent State University,DC,2010,2012
Jon Heacock,Purdue,CB,2013,2013
Jon Heacock,Toledo,DC/S,2014,2015
Jon Tenuta,Virginia,GA,1982,1982
Jon Tenuta,Maryland,GA,1983,1983
Jon Tenuta,Vanderbilt,DB,1984,1985
Jon Tenuta,Marshall,DB,1986,1986
Jon Tenuta,Marshall,DC/DB,1987,1987
Jon Tenuta,Kansas State,DC/DL,1988,1988
Jon Tenuta,SMU,DB,1989,1989
Jon Tenuta,SMU,DC,1990,1994
Jon Tenuta,Oklahoma,DB,1995,1995
Jon Tenuta,Ohio State,DB,1996,1999
Jon Tenuta,Ohio State,DC/DB,2000,2000
Jon Tenuta,North Carolina,DC/DB,2001,2001
Jon Tenuta,Georgia Tech,DC/DB,2002,2007
Jon Tenuta,Notre Dame,LB,2008,2008
Jon Tenuta,Notre Dame,DC/LB,2009,2009
Jon Tenuta,NC State,LB,2010,2012
Jon Tenuta,Virginia,DC/LB,2013,2015
Jonathan Smith,Oregon State,GA,2002,2003
Jonathan Smith,Idaho,QB,2004,2009
Jonathan Smith,Montana,OC/QB,2010,2011
Jonathan Smith,Boise State,QB,2012,2013
Jonathan Smith,Washington,OC/QB,2014,2015
Josh Heupel,Oklahoma,GA,2004,2004
Josh Heupel,Arizona,TE,2005,2005
Justin Fuente,Illinois State,QB,2001,2003
Justin Fuente,Illinois State,QB/OC,2004,2006
Justin Fuente,TCU,RB,2007,2008
Justin Fuente,TCU,HC,2009,2011
Justin Fuente,Memphis,HC,2012,2015
Kalani Sitake,Eastern Arizona,HC,2001,2001
Kalani Sitake,Brigham Young,HC,2002,2002
Kalani Sitake,Southern Utah,HC,2003,2003
Kalani Sitake,Southern Utah,HC,2004,2004
Kalani Sitake,Utah,LB,2005,2008
Kalani Sitake,Utah,HC,2009,2014
Kalani Sitake,Oregon State,DC,2015,2015
Kalen DeBoer,Sioux Falls,WR,1997,1997
Kalen DeBoer,Washington HS (SD),GA,1998,1999
Kalen DeBoer,Sioux Falls,OC,2000,2004
Kalen DeBoer,Sioux Falls,HC,2005,2009
Kalen DeBoer,Southern Illinois,AHC/OC/WR,2010,2013
Kalen DeBoer,Eastern Michigan,OC/QB,2014,2015
Ken Niumatalolo,Hawaii,GA,1990,1992
Ken Niumatalolo,Hawaii,GA,1992,1994
Ken Niumatalolo,Navy,GA,1995,1996
Ken Niumatalolo,Navy,OC,1997,1998
Ken Niumatalolo,UNLV,GA,1999,2001
Ken Niumatalolo,Navy,OC,2002,2007
Ken Niumatalolo,Navy,HC,2007,2015
Kenny Edenfield,Nicholls State,HC,1993,1995
Kenny Edenfield,North Alabama,OC,2002,2007
Kenny Edenfield,Troy,OC/WR,2008,2015
Kent Baer,Yokosuka Seahawks,HC,1973,1976
Kent Baer,Utah State,OLB,1977,1982
Kent Baer,Utah State,DC/DB,1983,1985
Kent Baer,Idaho,DC,1986,1986
Kent Baer,California,DC,1987,1991
Kent Baer,Arizona State,DC,1992,1994
Kent Baer,Stanford,DC/LB,1995,2001
Kent Baer,Notre Dame,DC,2002,2004
Kent Baer,Notre Dame,HC,2004,2004
Kent Baer,Washington,DC,2005,2007
Kent Baer,San Jose State,LB,2008,2009
Kent Baer,San Jose State,DC/LB,2010,2012
Kent Baer,San Jose State,HC,2012,2012
Kent Baer,Colorado,DC,2013,2014
Kent Baer,UNLV,DC/LB,2015,2015
Kevin Johns,Piqua (OH) High School,Assistant,1998,1998
Kevin Johns,Northwestern,GA,1999,2001
Kevin Johns,Richmond,WR,2002,2003
Kevin Johns,Northwestern,RB,2004,2005
Kevin Johns,Northwestern,WR/RC,2006,2007
Kevin Johns,Nrothwestern,WR/PCG,2008,2010
Kevin Johns,Indiana,HC,2011,2011
Kevin Johns,Indiana,HC,2012,2013
Kevin Johns,Indiana,OC/QB/WR,2014,2015
Kevin Steele,Tennessee,GA,1980,1981
Kevin Steele,Tennessee,OLB,1982,1982
Kevin Steele,New Mexico State,LB,1983,1983
Kevin Steele,Oklahoma State,LB/TE,1984,1986
Kevin Steele,Tennessee,DB,1987,1988
Kevin Steele,Nebraska,LB,1989,1994
Kevin Steele,Carolina Panthers,LB,1995,1998
Kevin Steele,Baylor,HC,1999,2002
Kevin Steele,Florida State,LB,2003,2006
Kevin Steele,Alabama,DC,2007,2007
Kevin Steele,Alabama,AHC/LB,2008,2008
Kevin Steele,Clemson,DC/LB,2009,2012
Kevin Steele,Alabama,HC,2013,2013
Kevin Steele,Alabama,LB,2014,2014
Kevin Steele,LSU,DC/LB,2015,2015
Kevin Sumlin,Washington State,GA,1988,1990
Kevin Sumlin,Wyoming,WR,1991,1992
Kevin Sumlin,Minnesota,WR,1993,1996
Kevin Sumlin,Minnesota,QB,1997,1997
Kevin Sumlin,Purdue,WR,1998,2000
Kevin Sumlin,Texas A&M,HC,2001,2002
Kevin Sumlin,Oklahoma,ST/TE,2003,2005
Kevin Sumlin,Oklahoma,HC,2006,2007
Kevin Sumlin,Houston,HC,2008,2011
Kevin Sumlin,Texas A&M,HC,2012,2015
Kevin Wilson,North Carolina,GA,1984,1986
Kevin Wilson,Winston-Salem State,OL,1987,1987
Kevin Wilson,North Carolina A&T,OC/OL,1988,1988
Kevin Wilson,Fred T. Foard HS,NC,1989,1989
Kevin Wilson,Miami (OH),OL,1990,1991
Kevin Wilson,Miami (OH),OC/OL,1992,1997
Kevin Wilson,Miami (OH),OC/QB,1998,1998
Kevin Wilson,Northwestern,OC/QB,1999,2000
Kevin Wilson,Northwestern,AHC/OC/QB,2001,2001
Kevin Wilson,Oklahoma,HC,2002,2005
Kevin Wilson,Oklahoma,OC/TE/FB,2006,2010
Kevin Wilson,Indiana,HC,2011,2015
Kirby Smart,Georgia,HC,1999,1999
Kirby Smart,Valdosta State,DB,2000,2000
Kirby Smart,Valdosta State,DC,2001,2001
Kirby Smart,Florida State,GA,2002,2003
Kirby Smart,LSU,HC,2004,2004
Kirby Smart,Georgia,RB,2005,2005
Kirby Smart,Miami Dolphins,S,2006,2006
Kirby Smart,Alabama,HC,2007,2007
Kirby Smart,Alabama,DC,2008,2015
Kirk Ferentz,Connecticut,GA,1977,1977
Kirk Ferentz,Worcester Academy,OL/DC,1978,1979
Kirk Ferentz,Pittsburgh,GA,1980,1980
Kirk Ferentz,Iowa,OL,1981,1989
Kirk Ferentz,Maine,HC,1990,1992
Kirk Ferentz,Cleveland Browns,OL,1993,1995
Kirk Ferentz,Baltimore Ravens,OL,1996,1998
Kirk Ferentz,Iowa,HC,1999,2015
Kliff Kingsbury,Houston,OQC,2008,2009
Kliff Kingsbury,Houston,HC,2010,2011
Kliff Kingsbury,Texas A&M,OC/QB,2012,2012
Kliff Kingsbury,Texas Tech,HC,2013,2015
Kris Cinkovich,Central Washington,LB,1986,1986
Kris Cinkovich,Carroll,OC,1987,1989
Kris Cinkovich,Oregon Tech,WR,1990,1990
Kris Cinkovich,UNLV,GA,1991,1991
Kris Cinkovich,Green Valley H.S.,OC,1992,1994
Kris Cinkovich,Las Vegas H.S.,HC,1995,2002
Kris Cinkovich,UNLV,WR,2003,2009
Kris Cinkovich,Arkansas,WR,2010,2012
Kris Cinkovich,Idaho,AHC/OC/OL,2013,2015
Kyle Flood,St. Francis Prep,NY,1993,1994
Kyle Flood,C. W. Post,OL,1995,1996
Kyle Flood,Hofstra,OL,1997,2001
Kyle Flood,Delaware,OL,2002,2004
Kyle Flood,Rutgers,OL,2005,2007
Kyle Flood,Rutgers,AHC/OL,2008,2011
Kyle Flood,Rutgers,HC,2012,2015
Kyle Whittingham,BYU,GA,1985,1986
Kyle Whittingham,Eastern Utah,DC,1987,1987
Kyle Whittingham,Idaho State,LB/ST,1988,1991
Kyle Whittingham,Idaho State,DC,1992,1993
Kyle Whittingham,Utah,DL,1994,1994
Kyle Whittingham,Utah,DC/DL,1995,2004
Kyle Whittingham,Utah,HC,2005,2015
Lance Leipold,Wisconsin-Whitewater,QB,1987,1987
Lance Leipold,Wisconsin-Whitewater,WR,1988,1988
Lance Leipold,Doane,GA,1989,1989
Lance Leipold,Wisconsin-Whitewater,GA,1990,1990
Lance Leipold,Wisconsin,GA,1991,1993
Lance Leipold,Nebraska-Omaha,GA,1994,2000
Lance Leipold,Nebraska,GA,2001,2003
Lance Leipold,Nebraska-Omaha,AHC/OC,2004,2006
Lance Leipold,Wisconsin-Whitewater,HC,2007,2014
Lance Leipold,Buffalo,HC,2015,2015
Lane Kiffin,Fresno State,GA,1997,1998
Lane Kiffin,Colorado State,GA,1999,1999
Lane Kiffin,Jacksonville Jaguars,OQC,2000,2000
Lane Kiffin,USC,TE,2001,2001
Lane Kiffin,USC,WR,2002,2004
Lane Kiffin,USC,PGC/OC,2005,2006
Lane Kiffin,Oakland Raiders,HC,2007,2008
Lane Kiffin,University of Tennessee,HC,2009,2009
Lane Kiffin,USC,HC,2010,2013
Lane Kiffin,Alabama,OC/QB,2014,2015
Larry Coker,Fairfax HS,OK,1971,1976
Larry Coker,Claremore HS,OK,1977,1978
Larry Coker,Tulsa,RB/QB,1979,1979
Larry Coker,Tulsa,OC,1980,1982
Larry Coker,Oklahoma State,OC,1983,1989
Larry Coker,Oklahoma,OC,1990,1992
Larry Coker,Ohio State,DB,1993,1994
Larry Coker,Ohio State,QB,1995,1995
Larry Coker,Miami (FL),OC,1995,2000
Larry Coker,Miami,FL,2001,2006
Larry Coker,UTSA,HC,2009,2015
Larry Fedora,Austin,GA,1986,1986
Larry Fedora,Garland HS,TX,1987,1990
Larry Fedora,Baylor,WR/TE/RB,1991,1996
Larry Fedora,Air Force,QB/WR,1997,1998
Larry Fedora,Middle Tennessee,OC,1999,2001
Larry Fedora,Florida,OC,2002,2004
Larry Fedora,Oklahoma State,OC,2005,2007
Larry Fedora,Southern Mississippi,HC,2008,2011
Larry Fedora,North Carolina,HC,2012,2015
Les Miles,Michigan,GA,1980,1981
Les Miles,Colorado,OL,1982,1986
Les Miles,Michigan,OL,1987,1994
Les Miles,Oklahoma State,OC,1995,1997
Les Miles,Dallas Cowboys,TE,1998,2000
Les Miles,Oklahoma State,HC,2001,2004
Les Miles,LSU,HC,2005,2015
Lincoln Riley,Texas Tech,//,2003,2009
Lincoln Riley,East Carolina,/,2010,2014
Lincoln Riley,Oklahoma,/,2015,2015
Lionel Washington,Green Bay Packers,DB,1999,2008
Lionel Washington,Oakland Raiders,DB,2009,2010
Lionel Washington,Virginia Destroyers,DB,2011,2011
Lionel Washington,Tulane,DC/DB,2012,2015
Luke Fickell,Ohio State,GA,1999,1999
Luke Fickell,Akron,DL,2000,2001
Luke Fickell,Ohio State,ST,2002,2003
Luke Fickell,Ohio State,LB,2004,2004
Luke Fickell,Ohio State,HC,2005,2010
Luke Fickell,Ohio State,HC,2011,2011
Luke Fickell,Ohio State,HC,2012,2015
Major Applewhite,Texas,GA,2003,2004
Major Applewhite,Syracuse,QB,2005,2005
Major Applewhite,Rice,OC/QB,2006,2006
Major Applewhite,Alabama,OC/QB,2007,2007
Major Applewhite,Texas,AHC/RB,2008,2010
Major Applewhite,Texas,HC,2011,2012
Major Applewhite,Texas,HC,2012,2013
Major Applewhite,Houston,OC/QB,2015,2015
Manny Diaz,Florida State,GA,1998,1999
Manny Diaz,NC State,GA,2000,2001
Manny Diaz,NC State,LB,2002,2003
Manny Diaz,NC State,DB/ST,2004,2005
Manny Diaz,Middle Tennessee,DC/DB,2006,2007
Manny Diaz,Middle Tennessee,DC/LB,2008,2009
Manny Diaz,Mississippi State,DC/LB,2010,2010
Manny Diaz,Texas,DC/LB,2011,2013
Manny Diaz,Louisiana Tech,DC/LB,2014,2014
Marcus Satterfield,Chattanooga,GA,1999,2000
Marcus Satterfield,Chattanooga,WR,2001,2001
Marcus Satterfield,Tennessee,GA,2002,2003
Marcus Satterfield,Richmond,WR,2004,2004
Marcus Satterfield,Western Carolina,WR,2005,2005
Marcus Satterfield,Tennessee-Martin,OC,2006,2008
Marcus Satterfield,Chattanooga,OC,2009,2012
Marcus Satterfield,Temple,OC,2013,2015
Marion Hobby,Tennessee-Martin,HC,1995,1995
Marion Hobby,Louisiana-Lafayette,HC,1996,1997
Marion Hobby,Tennessee,HC,1998,1998
Marion Hobby,Ole Miss,DL,1999,2004
Marion Hobby,Clemson,DE,2005,2005
Marion Hobby,New Orleans Saints,DE,2006,2007
Marion Hobby,Duke,DC/DL,2008,2010
Marion Hobby,Clemson,HC,2011,2015
Mark Banker,Hawaii,LB,1995,1995
Mark Banker,USC Trojans,HC,1996,1996
Mark Banker,Stanford,HC,2002,2002
Mark Banker,Oregon State Beavers,DC,2003,2014
Mark Banker,Nebraska,DC,2015,2015
Mark D'Onofrio,Saint Peter's,LB,1999,1999
Mark D'Onofrio,Georgia,DA,2000,2000
Mark D'Onofrio,Rutgers,LB,2001,2003
Mark D'Onofrio,Virginia,TE/ST,2004,2004
Mark D'Onofrio,Virginia,ILB/ST,2005,2005
Mark D'Onofrio,Temple,DC,2006,2009
Mark D'Onofrio,Temple,DC/LB,2010,2010
Mark D'Onofrio,Miami (FL),DC,2011,2015
Mark Dantonio,Ohio,GA,1980,1980
Mark Dantonio,Purdue,GA,1981,1981
Mark Dantonio,Butler CC,DC,1982,1982
Mark Dantonio,Ohio State,GA,1983,1984
Mark Dantonio,Akron,DB,1985,1985
Mark Dantonio,Youngstown State,DC,1986,1990
Mark Dantonio,Kansas,DB,1991,1994
Mark Dantonio,Michigan State,DB,1995,2000
Mark Dantonio,Ohio State,DC,2001,2003
Mark Dantonio,Cincinnati,HC,2004,2006
Mark Dantonio,Michigan State,HC,2007,2015
Mark Helfrich,Oregon,GA,1997,1997
Mark Helfrich,Boise State,QB,1998,2000
Mark Helfrich,Arizona State,QB,2001,2005
Mark Helfrich,Colorado,HC,2006,2008
Mark Helfrich,Oregon,OC/QB,2009,2012
Mark Helfrich,Oregon,HC,2013,2015
Mark Hudspeth,Central Arkansas,GA,1992,1993
Mark Hudspeth,Nicholls State,WR/TE,1994,1994
Mark Hudspeth,Nicholls State,RB,1995,1995
Mark Hudspeth,Winston Academy,HC,1996,1997
Mark Hudspeth,Central Arkansas,DB,1998,1998
Mark Hudspeth,Delta State,OC,1999,2000
Mark Hudspeth,Navy,OC,2001,2001
Mark Hudspeth,North Alabama,HC,2002,2008
Mark Hudspeth,Mississippi State,PGC,2009,2010
Mark Hudspeth,Louisiana-Lafayette,HC,2011,2015
Mark Mangino,Youngstown State,Assistant,1985,1986
Mark Mangino,Geneva,OC/OL,1987,1989
Mark Mangino,Lincoln High School,PA,1990,1990
Mark Mangino,Kansas State,RGC,1991,1998
Mark Mangino,Oklahoma,OL,1999,1999
Mark Mangino,Oklahoma,OC,2000,2001
Mark Mangino,Kansas,HC,2002,2009
Mark Mangino,Youngstown State,AHC/TE,2013,2013
Mark Mangino,Iowa State,OC/TE,2014,2015
Mark Richt,Florida State,GA,1985,1988
Mark Richt,East Carolina,OC,1989,1989
Mark Richt,Florida State,QB,1990,1993
Mark Richt,Florida State,OC/QB,1994,2000
Mark Richt,Georgia,HC,2001,2015
Mark Stoops,Iowa,GA,1990,1991
Mark Stoops,Nordonia (OH) HS,DB,1992,1995
Mark Stoops,USF,DB,1996,1996
Mark Stoops,Wyoming,DB,1997,1999
Mark Stoops,Houston,HC,2000,2000
Mark Stoops,Miami (FL),DB,2001,2003
Mark Stoops,Arizona,DC/DB,2004,2009
Mark Stoops,Florida State,DC/DB,2010,2012
Mark Stoops,Kentucky,HC,2013,2015
Mark Whipple,St. Lawrence,GA,1980,1980
Mark Whipple,Union,OC,1981,1982
Mark Whipple,Brown,WR,1983,1983
Mark Whipple,Arizona Wranglers,QB,1984,1984
Mark Whipple,New Hampshire,OC,1986,1987
Mark Whipple,New Haven,HC,1988,1993
Mark Whipple,Brown,HC,1994,1997
Mark Whipple,UMass,HC,1998,2003
Mark Whipple,Pittsburgh Steelers,QB,2004,2006
Mark Whipple,Philadelphia Eagles,HC,2007,2008
Mark Whipple,Miami (FL),AHC/OC/QB,2009,2010
Mark Whipple,Cleveland Browns,QB,2011,2012
Mark Whipple,UMass,HC,2014,2015
Mark Whipple,St. Lawrence,GA,1980,1980
Mark Whipple,Union,OC,1981,1982
Mark Whipple,Brown,WR,1983,1983
Mark Whipple,Arizona Wranglers,QB,1984,1984
Mark Whipple,New Hampshire,OC,1986,1987
Mark Whipple,New Haven,HC,1988,1993
Mark Whipple,Brown,HC,1994,1997
Mark Whipple,UMass,HC,1998,2003
Mark Whipple,Pittsburgh Steelers,QB,2004,2006
Mark Whipple,Philadelphia Eagles,HC,2007,2008
Mark Whipple,Miami (FL),AHC/OC/QB,2009,2010
Mark Whipple,Cleveland Browns,QB,2011,2012
Mark Whipple,UMass,HC,2014,2015
Matt Campbell,Bowling Green,GA,2003,2004
Matt Campbell,Mount Union,GA,2004,2005
Matt Campbell,Bowling Green,GA,2006,2008
Matt Campbell,Toledo,GA,2009,2011
Matt Campbell,Toledo,HC,2011,2015
Matt Rhule,Albright,LB,1998,1998
Matt Rhule,Buffalo,GA,1999,2000
Matt Rhule,UCLA,GA,2001,2001
Matt Rhule,WCU,STC/LB,2002,2002
Matt Rhule,WCU,AHC/STC/LB,2003,2004
Matt Rhule,WCU,AHC/RGC/STC/OL,2005,2005
Matt Rhule,Temple,DL,2006,2006
Matt Rhule,Temple,QB/RC,2007,2007
Matt Rhule,Temple,OC/QB,2008,2010
Matt Rhule,Temple,HC,2011,2011
Matt Rhule,New York Giants,HC,2012,2012
Matt Rhule,Temple,HC,2013,2015
Matt Wells,Navy,GA,1997,2000
Matt Wells,Navy,WR,2001,2001
Matt Wells,Tulsa,TE,2002,2006
Matt Wells,New Mexico,WR/RC,2007,2008
Matt Wells,Louisville,QB/PGC,2009,2009
Matt Wells,New Mexico,WR,2010,2010
Matt Wells,Utah State,QB,2011,2011
Matt Wells,Utah State,OC/QB,2012,2012
Matt Wells,Utah State,HC,2013,2015
Mike Bloomgren,Florida State University,HC,1997,1999
Mike Bloomgren,Alabama,HC,1999,2002
Mike Bloomgren,Catawba College,HC,2002,2005
Mike Bloomgren,Delta State University,OC/OL/ST,2005,2007
Mike Bloomgren,New York Jets,HC,2007,2009
Mike Bloomgren,New York Jets,HC,2009,2011
Mike Bloomgren,Stanford,HC,2011,2012
Mike Bloomgren,Stanford,HC,2013,2015
Mike Bobo,Georgia,admin,1998,1998
Mike Bobo,Georgia,GA,1999,1999
Mike Bobo,Jacksonville State,QB,2000,2000
Mike Bobo,Georgia,QB,2001,2006
Mike Bobo,Georgia,OC/QB,2007,2014
Mike Bobo,Colorado State,HC,2015,2015
Mike Canales,Brigham Young,GA,1985,1986
Mike Canales,Snow College,OC/QB,1987,1994
Mike Canales,Pacific,QB,1995,1995
Mike Canales,South Florida,OC/QB,1996,2000
Mike Canales,North Carolina State,QB,2001,2002
Mike Canales,New York Jets,WR,2003,2003
Mike Canales,Arizona,OC/QB,2004,2006
Mike Canales,South Florida,OC/QB,2007,2009
Mike Canales,North Texas,OC/QB,2010,2010
Mike Canales,North Texas,HC,2010,2010
Mike DeBord,Franklin (IN),OL,1982,1983
Mike DeBord,Fort Hays State,OL,1984,1984
Mike DeBord,Fort Hays State,OC/QB/WR,1985,1986
Mike DeBord,Eastern Illinois,OL,1987,1988
Mike DeBord,Ball State,OL,1988,1989
Mike DeBord,Colorado State,OL,1990,1991
Mike DeBord,Northwestern,OL,1992,1992
Mike DeBord,Michigan,OL,1992,1996
Mike DeBord,Michigan,OC,1997,1999
Mike DeBord,Central Michigan,HC,2000,2003
Mike DeBord,Michigan,ST/RC,2004,2005
Mike DeBord,Michigan,OC/TE,2006,2007
Mike DeBord,Seattle Seahawks,HC,2008,2008
Mike DeBord,Seattle Seahawks,TE,2009,2009
Mike DeBord,Chicago Bears,TE,2010,2012
Mike DeBord,Tennessee Volunteers,HC,2015,2015
Mike Gundy,Oklahoma State,WR,1990,1990
Mike Gundy,Oklahoma State,QB,1991,1993
Mike Gundy,Oklahoma State,OC/QB,1994,1995
Mike Gundy,Baylor,QB,1996,1996
Mike Gundy,Maryland,WR,1997,2000
Mike Gundy,Oklahoma State,OC,2001,2004
Mike Gundy,Oklahoma State,HC,2005,2015
Mike Hankwitz,Michigan,GA,1970,1972
Mike Hankwitz,Arizona,GA,1973,1976
Mike Hankwitz,Purdue,GA,1977,1981
Mike Hankwitz,Western Michigan,DC,1982,1984
Mike Hankwitz,Colorado,DC,1985,1994
Mike Hankwitz,Kansas,DC,1995,1996
Mike Hankwitz,Texas A&M,DC,1997,2002
Mike Hankwitz,Arizona,HC,2003,2003
Mike Hankwitz,Colorado,HC,2004,2005
Mike Hankwitz,Wisconsin,DC,2006,2007
Mike Hankwitz,Northwestern,DC/S,2008,2015
Mike Leach,Cal Poly,GA,1987,1987
Mike Leach,COD,GA,1988,1988
Mike Leach,Pori Bears,HC,1989,1989
Mike Leach,Iowa Wesleyan,OC,1989,1991
Mike Leach,Valdosta State,OC,1992,1996
Mike Leach,Kentucky,OC,1997,1998
Mike Leach,Oklahoma,OC,1999,1999
Mike Leach,Texas Tech,HC,2000,2009
Mike Leach,Washington State,HC,2012,2015
Mike Leach,Cal Poly,GA,1987,1987
Mike Leach,COD,GA,1988,1988
Mike Leach,Pori Bears,HC,1989,1989
Mike Leach,Iowa Wesleyan,OC,1989,1991
Mike Leach,Valdosta State,OC,1992,1996
Mike Leach,Kentucky,OC,1997,1998
Mike Leach,Oklahoma,OC,1999,1999
Mike Leach,Texas Tech,HC,2000,2009
Mike Leach,Washington State,HC,2012,2015
Mike Locksley,Towson,DB/ST,1992,1992
Mike Locksley,NAPS,DC/DB,1993,1993
Mike Locksley,NAPS,DC/DL,1994,1994
Mike Locksley,Pacific,OLB,1995,1995
Mike Locksley,Army,WR/TE,1996,1996
Mike Locksley,Maryland,RB,1997,1997
Mike Locksley,Maryland,RB/RC,1998,2002
Mike Locksley,Florida,RB/RC,2003,2004
Mike Locksley,Illinois,OC/TE,2005,2005
Mike Locksley,Illinois,OC/QB,2006,2008
Mike Locksley,New Mexico,HC,2009,2011
Mike Locksley,Maryland,OC/QB,2012,2015
Mike London,Richmond,OLBs,1988,1989
Mike London,William & Mary,DL,1990,1993
Mike London,Richmond,OLBs,1994,1996
Mike London,Boston College,DL,1997,2000
Mike London,Virginia,DL,2001,2001
Mike London,Virginia,HC,2002,2004
Mike London,Houston Texans,DL,2005,2005
Mike London,Virginia,HC,2006,2007
Mike London,Richmond,HC,2008,2009
Mike London,Virginia,HC,2010,2015
Mike MacIntyre,Georgia,GA,1990,1991
Mike MacIntyre,Davidson,DC,1992,1992
Mike MacIntyre,Tennessee-Martin,DC,1993,1996
Mike MacIntyre,Temple,DC,1997,1998
Mike MacIntyre,Ole Miss,WR,1999,2000
Mike MacIntyre,Ole Miss,DB,2001,2002
Mike MacIntyre,Dallas Cowboys,DB,2003,2006
Mike MacIntyre,New York Jets,DB,2007,2007
Mike MacIntyre,Duke,DC,2008,2009
Mike MacIntyre,San Jose State,HC,2010,2012
Mike MacIntyre,Colorado,HC,2013,2015
Mike Norvell,Central Arkansas,HC,2006,2006
Mike Riley,California,GA,1975,1975
Mike Riley,Whitworth,GA,1976,1976
Mike Riley,Linfield,DC,1977,1982
Mike Riley,Winnipeg Blue Bombers,DB,1983,1985
Mike Riley,Northern Colorado,DB,1986,1986
Mike Riley,Winnipeg Blue Bombers,HC,1987,1990
Mike Riley,San Antonio Riders,HC,1991,1992
Mike Riley,USC,OC/QB,1993,1996
Mike Riley,Oregon State,HC,1997,1998
Mike Riley,San Diego Chargers,HC,1999,2001
Mike Riley,New Orleans Saints,AHC/DB,2002,2002
Mike Riley,Oregon State,HC,2003,2014
Mike Riley,Nebraska,HC,2015,2015
Mike Stoops,Iowa,GA,1986,1991
Mike Stoops,Kansas State,GA,1992,1998
Mike Stoops,Oklahoma,HC,1999,2003
Mike Stoops,Arizona,HC,2004,2011
Mike Stoops,Oklahoma,HC,2012,2015
Morris Watts,Drake,OC/QB/WR,1965,1971
Morris Watts,Louisville,OC/QB/WR,1972,1972
Morris Watts,Indiana,OC/QB/WR,1973,1981
Morris Watts,Kansas,OC/QB,1982,1982
Morris Watts,LSU,QB,1983,1983
Morris Watts,Birmingham Stallions,QB,1984,1985
Morris Watts,Michigan State,OC,1986,1990
Morris Watts,Tampa Bay Buccaneers,QB,1991,1991
Morris Watts,Michigan State,OC,1992,1994
Morris Watts,LSU,OC,1995,1998
Morris Watts,Michigan State,OC,1999,2002
Morris Watts,Michigan State,HC,2002,2002
Morris Watts,Mississippi State,OC,2003,2003
Morris Watts,Broken Arrow HS (OK),OC,2007,2008
Morris Watts,Miami (OH),OC,2009,2010
Morris Watts,Central Michigan,QB,2011,2013
Morris Watts,Central Michigan,OC,2014,2015
Neal Brown,UMass,TE/OL,2003,2003
Neal Brown,Sacred Heart,QB/WR,2004,2004
Neal Brown,Delaware,WR,2005,2005
Neal Brown,Troy,HC,2006,2007
Neal Brown,Troy,OC/QB,2008,2009
Neal Brown,Texas Tech,OC,2010,2012
Neal Brown,Kentucky,OC/QB,2013,2014
Neal Brown,Troy,HC,2015,2015
Nick Holt,St. Mary's HS - DC,HC,1986,1986
Nick Holt,UNLV - GA,HC,1987,1987
Nick Holt,UNLV - DL,HC,1988,1989
Nick Holt,Idaho - DL,HC,1990,1993
Nick Holt,Idaho - DC/DL,HC,1994,1994
Nick Holt,Idaho - DC/LB,HC,1995,1997
Nick Holt,Louisville - DL,HC,1998,2000
Nick Holt,USC - LB,HC,2001,2003
Nick Holt,Idaho,HC,2004,2005
Nick Holt,USC - DC/DL,HC,2006,2008
Nick Holt,Washington - DC,AHC,2009,2011
Nick Holt,Arkansas - RC,HC,2012,2012
Nick Holt,Western Kentucky- DC,HC,2013,2015
Nick Rolovich,City College of San Francisco,QB,2007,2008
Nick Rolovich,Hawaii,QB,2008,2009
Nick Rolovich,Hawaii,OC/QB,2010,2012
Nick Rolovich,Nevada,OC/QB,2012,2015
Nick Saban,Kent State,GA,1972,1974
Nick Saban,Kent State,HC,1975,1976
Nick Saban,Syracuse,HC,1977,1977
Nick Saban,West Virginia,HC,1978,1979
Nick Saban,Ohio State,DB,1980,1981
Nick Saban,Navy,HC,1982,1982
Nick Saban,Michigan State,DB/DC,1983,1987
Nick Saban,Houston Oilers,DB,1988,1989
Nick Saban,Toledo,HC,1990,1990
Nick Saban,Cleveland Browns,DC,1991,1994
Nick Saban,Michigan State,HC,1995,1999
Nick Saban,LSU,HC,2000,2004
Nick Saban,Miami Dolphins,HC,2005,2006
Nick Saban,Alabama,HC,2007,2015
Noel Mazzone,New Mexico,GA,1980,1981
Noel Mazzone,Colorado State,QB/WR,1982,1986
Noel Mazzone,TCU,QB,1987,1991
Noel Mazzone,Minnesota,QB,1992,1994
Noel Mazzone,Ole Miss,OC/QB,1995,1998
Noel Mazzone,Auburn,OC,1999,2001
Noel Mazzone,Oregon State,OC,2002,2002
Noel Mazzone,NC State,OC/TE,2003,2004
Noel Mazzone,Ole Miss,OC/QB,2005,2005
Noel Mazzone,New York Jets,WR,2006,2008
Noel Mazzone,Panther Creek HS (NC),OC,2009,2009
Noel Mazzone,Arizona State,OC,2010,2011
Noel Mazzone,UCLA,OC,2012,2015
Norm Chow,Waialau High School,HI,1970,1972
Norm Chow,BYU,GA,1973,1974
Norm Chow,BYU,Freshmen,1975,1975
Norm Chow,BYU,WR,1976,1977
Norm Chow,BYU,RB,1978,1978
Norm Chow,BYU,WR,1979,1981
Norm Chow,BYU,WR/RC,1982,1985
Norm Chow,BYU,QB/WR,1986,1995
Norm Chow,BYU,HC,1996,1999
Norm Chow,NC State,OC/QB,2000,2000
Norm Chow,USC,OC,2001,2004
Norm Chow,Tennessee Titans,OC,2005,2007
Norm Chow,UCLA,OC,2008,2010
Norm Chow,Utah,OC,2011,2011
Norm Chow,Hawaii,HC,2012,2015
P. J. Fleck,Ohio State,GA,2006,2006
P. J. Fleck,Northern Illinois,WR,2007,2009
P. J. Fleck,Rutgers,WR,2010,2011
P. J. Fleck,Northern Illinois (OC),HC,2012,2012
P. J. Fleck,Tampa Bay Buccaneers,WR,2012,2012
P. J. Fleck,Western Michigan,HC,2013,2015
Pat Fitzgerald,Maryland,LB,1998,1998
Pat Fitzgerald,Colorado,LB,1999,1999
Pat Fitzgerald,Idaho,LB,2000,2000
Pat Fitzgerald,Northwestern,LB,2001,2005
Pat Fitzgerald,Northwestern,HC,2006,2015
Pat Narduzzi,Miami (OH),GA,1990,1991
Pat Narduzzi,Miami (OH),WR,1992,1992
Pat Narduzzi,Rhode Island,LB,1993,1997
Pat Narduzzi,Rhode Island,DC,1998,1999
Pat Narduzzi,Northern Illinois,LB,2000,2002
Pat Narduzzi,Miami (OH),DC,2003,2003
Pat Narduzzi,Cincinnati,DC,2004,2006
Pat Narduzzi,Michigan State,DC,2007,2014
Pat Narduzzi,Pittsburgh,HC,2015,2015
Patrick Higgins,St. Cloud State,WR,1989,1989
Patrick Higgins,Quincy (IL),OC,1990,1990
Patrick Higgins,Quincy (IL),DC,1991,1991
Patrick Higgins,William Penn,HC,1992,1992
Patrick Higgins,St. Andrews Prep,HC,1993,1993
Patrick Higgins,Shepherd,OC/ST,1994,1996
Patrick Higgins,Columbia,RB,1997,1997
Patrick Higgins,UTEP,WR,1998,1999
Patrick Higgins,UTEP,OC,2000,2003
Patrick Higgins,Louisiana Tech,TE/ST,2004,2004
Patrick Higgins,BYU,WR/ST,2005,2010
Patrick Higgins,Purdue,WR,2011,2012
Patrick Higgins,Purdue,HC,2012,2012
Patrick Higgins,UTEP,OC/QB,2013,2015
Paul Chryst,West Virginia,GA,1989,1990
Paul Chryst,San Antonio Riders,GA,1991,1992
Paul Chryst,UW-Platteville,OC,1993,1993
Paul Chryst,Ottawa Rough Riders,GA,1994,1994
Paul Chryst,Illinois State,OC,1995,1995
Paul Chryst,Saskatchewan Roughriders,OC,1996,1996
Paul Chryst,Oregon State,OC,1997,1998
Paul Chryst,San Diego Chargers,TE,1999,2001
Paul Chryst,Wisconsin,TE,2002,2002
Paul Chryst,Oregon State,OC,2003,2004
Paul Chryst,Wisconsin,OC,2005,2011
Paul Chryst,Pittsburgh,HC,2012,2014
Paul Chryst,Wisconsin,HC,2015,2015
Paul Haynes,St. Francis DeSales HS,Assistant,1993,1993
Paul Haynes,Bowling Green,GA,1994,1994
Paul Haynes,Ferris State,DB,1995,1996
Paul Haynes,Northern Iowa,RB/DB,1997,1998
Paul Haynes,Kent State,DB,1999,2000
Paul Haynes,Jacksonville Jaguars,DQC,2001,2001
Paul Haynes,Louisville,DB,2002,2002
Paul Haynes,Michigan State,DB,2003,2004
Paul Haynes,Ohio State,DB,2005,2010
Paul Haynes,Ohio State,HC,2011,2011
Paul Haynes,Arkansas,DC/DB,2012,2012
Paul Haynes,Kent State,HC,2013,2015
Paul Johnson,Lees-McRae,OC,1981,1982
Paul Johnson,Georgia Southern,DL,1983,1984
Paul Johnson,Georgia Southern,OC,1985,1986
Paul Johnson,Hawaii,OC,1987,1994
Paul Johnson,Navy,OC,1995,1996
Paul Johnson,Georgia Southern,HC,1997,2001
Paul Johnson,Navy,HC,2002,2007
Paul Johnson,Georgia Tech,HC,2008,2015
Paul Johnson,Lees-McRae,OC,1981,1982
Paul Johnson,Georgia Southern,DL,1983,1984
Paul Johnson,Georgia Southern,OC,1985,1986
Paul Johnson,Hawaii,OC,1987,1994
Paul Johnson,Navy,OC,1995,1996
Paul Johnson,Georgia Southern,HC,1997,2001
Paul Johnson,Navy,HC,2002,2007
Paul Johnson,Georgia Tech,HC,2008,2015
Paul Petrino,Carroll,OC/QB,1990,1991
Paul Petrino,Idaho,WR/RB/ST,1992,1994
Paul Petrino,Utah State,WR/ST,1995,1997
Paul Petrino,Louisville,WR,1998,1999
Paul Petrino,Southern Miss,QB,2000,2002
Paul Petrino,Louisville,OC/WR,2003,2006
Paul Petrino,Atlanta Falcons,WR,2007,2007
Paul Petrino,Arkansas,OC/WR,2008,2009
Paul Petrino,Illinois,OC/WR,2010,2011
Paul Petrino,Arkansas,OC/QB,2012,2012
Paul Petrino,Idaho,HC,2013,2015
Paul Rhoads,Utah State,GA,1989,1990
Paul Rhoads,Ohio State,GA,1991,1991
Paul Rhoads,Pacific,DB,1992,1993
Paul Rhoads,Pacific,PGC,1994,1994
Paul Rhoads,Iowa State,ILB,1995,1995
Paul Rhoads,Iowa State,DB,1996,1999
Paul Rhoads,Pittsburgh,DC,2000,2007
Paul Rhoads,Auburn,DC/DB,2008,2008
Paul Rhoads,Iowa State,HC,2009,2015
Pete Kwiatkowski,Boise State,HC,1988,1996
Pete Kwiatkowski,Snow College,HC,1997,1997
Pete Kwiatkowski,Eastern Washington,DL,1998,1999
Pete Kwiatkowski,Montana State,DC,2000,2005
Pete Kwiatkowski,Boise State,DL,2006,2009
Pete Kwiatkowski,Boise State,DC,2010,2013
Pete Kwiatkowski,Washington,DC,2014,2015
Pete Lembo,Albany,GA,1992,1993
Pete Lembo,Dartmouth,Assistant,1994,1996
Pete Lembo,Hampden-Sydney,Assistant,1997,1997
Pete Lembo,Lehigh,Assistant,1998,2000
Pete Lembo,Lehigh,HC,2001,2005
Pete Lembo,Elon,HC,2006,2010
Pete Lembo,Ball State,HC,2011,2015
Phil Parker,Michigan State,GA,1987,1987
Phil Parker,Toledo,DB,1988,1998
Phil Parker,Iowa,DB,1999,2011
Phil Parker,Iowa,DC,2012,2012
Phil Parker,Iowa,DC/DB,2013,2015
Phil Snow,Berkeley (CA) HS,GA,1976,1976
Phil Snow,Winters (CA) HS,GA,1977,1978
Phil Snow,Laney JC,HC,1979,1981
Phil Snow,Boise State,DB,1982,1982
Phil Snow,Boise State,DC/SAF,1983,1986
Phil Snow,California,DB,1987,1991
Phil Snow,Arizona State,DB,1992,1994
Phil Snow,Arizona State,DC,1995,2000
Phil Snow,UCLA,DC/SAF,2001,2002
Phil Snow,Washington,HC,2003,2003
Phil Snow,Washington,DC/SAF,2004,2004
Phil Snow,Detroit Lions,DA,2005,2005
Phil Snow,Detroit Lions,LB,2006,2009
Phil Snow,Eastern Michigan,DC/DB,2010,2012
Phil Snow,Temple,DC,2013,2015
Philip Montgomery,Tarleton State,GA,1995,1996
Philip Montgomery,Stephenville HS (TX),QB/RB,1997,2001
Philip Montgomery,Denton HS (TX),OC,2002,2002
Philip Montgomery,Houston,QB/RB,2003,2007
Philip Montgomery,Baylor,HC,2008,2012
Philip Montgomery,Baylor,OC,2013,2014
Philip Montgomery,Tulsa,HC,2015,2015
Randy Edsall,Syracuse,GA,1980,1982
Randy Edsall,Syracuse,RB,1983,1984
Randy Edsall,Syracuse,TE,1985,1985
Randy Edsall,Syracuse,RB,1986,1986
Randy Edsall,Syracuse,DB,1987,1988
Randy Edsall,Syracuse,DB/RC,1989,1990
Randy Edsall,Boston College,DB,1991,1993
Randy Edsall,Jacksonville Jaguars,DB,1994,1997
Randy Edsall,Georgia Tech,DC/DB,1998,1998
Randy Edsall,Connecticut,HC,1999,2010
Randy Edsall,Maryland,HC,2011,2015
Rich Rodriguez,West Virginia,SA,1985,1985
Rich Rodriguez,Salem,DB/ST,1986,1986
Rich Rodriguez,Salem,AHC/DC,1987,1987
Rich Rodriguez,Salem,HC,1988,1988
Rich Rodriguez,West Virginia,OLB,1989,1989
Rich Rodriguez,Glenville State,HC,1990,1996
Rich Rodriguez,Tulane,OC,1997,1998
Rich Rodriguez,Clemson,OC,1999,2000
Rich Rodriguez,West Virginia,HC,2001,2007
Rich Rodriguez,Michigan,HC,2008,2010
Rich Rodriguez,Arizona,HC,2012,2015
Rick Stockstill,Bethune-Cookman,OC/QB,1983,1984
Rick Stockstill,Central Florida,WR,1985,1988
Rick Stockstill,Clemson,WR/QB,1989,2002
Rick Stockstill,East Carolina,OC,2003,2003
Rick Stockstill,South Carolina,WR,2004,2005
Rick Stockstill,Middle Tennessee,HC,2006,2015
Robb Smith,Iowa,GA/QC,1999,2001
Robb Smith,Maine,DB,2002,2004
Robb Smith,Maine,ST/LB,2005,2005
Robb Smith,Maine,AHC/DC,2006,2008
Robb Smith,Rutgers,ST/OLB,2009,2009
Robb Smith,Rutgers,ST/CB,2010,2010
Robb Smith,Rutgers,ST/LB,2011,2011
Robb Smith,Rutgers,DC/DB,2012,2012
Robb Smith,Tampa Bay Buccaneers,LB,2013,2013
Robb Smith,Arkansas,DC/QB,2014,2015
Robert Anae,Hawaii,GA,1986,1987
Robert Anae,BYU,GA,1990,1991
Robert Anae,Ricks College,OL,1992,1995
Robert Anae,Boise State,OL,1996,1996
Robert Anae,UNLV,OL,1997,1997
Robert Anae,UNLV,RGC/OL,1998,1998
Robert Anae,Texas Tech,OL,2000,2004
Robert Anae,BYU,OC/IWR,2005,2010
Robert Anae,Arizona,RGC/OL,2011,2011
Robert Anae,Arizona,OL,2012,2012
Robert Anae,BYU,AHC/OC/OL,2013,2015
Robert Prunty,Gretna High School,HC,1993,2001
Robert Prunty,Hargrave Military Academy,HC,2002,2009
Robert Prunty,Texas Tech,OLB/DEs,2010,2012
Robert Prunty,Cincinnati,AHC/DE,2013,2013
Robert Prunty,Cincinnati,HC,2014,2015
Rocky Long,New Mexico,GA,1972,1973
Rocky Long,Eldorado HS,NM,1974,1975
Rocky Long,New Mexico,HC,1978,1978
Rocky Long,New Mexico,DB,1979,1980
Rocky Long,Wyoming,DC,1981,1985
Rocky Long,BC Lions,HC,1986,1987
Rocky Long,TCU,DB,1988,1990
Rocky Long,Oregon State,DC,1991,1995
Rocky Long,UCLA,HC,1996,1997
Rocky Long,New Mexico,HC,1998,2008
Rocky Long,San Diego State,DC,2009,2010
Rocky Long,San Diego State,HC,2011,2015
Rocky Long,New Mexico,GA,1972,1973
Rocky Long,Eldorado HS,NM,1974,1975
Rocky Long,New Mexico,HC,1978,1978
Rocky Long,New Mexico,DB,1979,1980
Rocky Long,Wyoming,DC,1981,1985
Rocky Long,BC Lions,HC,1986,1987
Rocky Long,TCU,DB,1988,1990
Rocky Long,Oregon State,DC,1991,1995
Rocky Long,UCLA,HC,1996,1997
Rocky Long,New Mexico,HC,1998,2008
Rocky Long,San Diego State,DC,2009,2010
Rocky Long,San Diego State,HC,2011,2015
Rod Carey,Wayzata HS,GA,1994,1997
Rod Carey,Minnesota,GA,1998,1999
Rod Carey,Wisconsin-Stout,HC,2000,2003
Rod Carey,Wisconsin-Stout,OC/OL,2004,2006
Rod Carey,Illinois State,OL,2007,2007
Rod Carey,North Dakota,OL,2008,2010
Rod Carey,Northern Illinois,OL,2011,2011
Rod Carey,Northern Illinois,OC/OL,2012,2012
Rod Carey,Northern Illinois,HC,2012,2015
Ron Caragher,UCLA,GA,1994,1995
Ron Caragher,UCLA,WR,1996,2002
Ron Caragher,Kentucky,RB,2003,2006
Ron Caragher,San Diego,HC,2007,2012
Ron Turner,Pacific,GA,1978,1978
Ron Turner,Arizona,WR,1979,1980
Ron Turner,Arizona,RB,1980,1980
Ron Turner,Northwestern,QB/WR,1981,1982
Ron Turner,Pitt,QB,1983,1984
Ron Turner,USC,QB,1985,1985
Ron Turner,USC,QB/OC,1986,1986
Ron Turner,USC,WR,1987,1987
Ron Turner,Texas A&M,QB,1988,1988
Ron Turner,Stanford,QB,1989,1991
Ron Turner,San Jose State,HC,1992,1992
Ron Turner,Chicago Bears,OC/QB,1993,1996
Ron Turner,Illinois,HC,1997,2004
Ron Turner,Chicago Bears,OC,2005,2009
Ron Turner,Indianapolis Colts,WR,2010,2010
Ron Turner,Indianapolis Colts,QB,2011,2011
Ron Turner,Tampa Bay Buccaneers,QB,2012,2012
Ron Turner,FIU,HC,2013,2015
Ruffin McNeill,Lumberston High School (NC),Assistant,1980,1984
Ruffin McNeill,Clemson,GA/LB,1985,1986
Ruffin McNeill,Austin Peay,LB,1987,1987
Ruffin McNeill,North Alabama,LB,1988,1988
Ruffin McNeill,Appalachian State,LB,1989,1991
Ruffin McNeill,East Carolina,DL,1992,1992
Ruffin McNeill,Appalachian State,DC,1993,1996
Ruffin McNeill,UNLV,DC,1997,1997
Ruffin McNeill,UNLV,AHC/DC,1998,1998
Ruffin McNeill,Fresno State,DC,1999,1999
Ruffin McNeill,Texas Tech,LB,2000,2002
Ruffin McNeill,Texas Tech,AHC/ST,2003,2006
Ruffin McNeill,Texas Tech,AHC/DT,2007,2007
Ruffin McNeill,Texas Tech,AHC/DC,2008,2009
Ruffin McNeill,East Carolina,HC,2010,2015
Scot Loeffler,Michigan,SA/GA/QB,1996,1999
Scot Loeffler,Central Michigan,QB,2000,2001
Scot Loeffler,Michigan,QB,2002,2007
Scot Loeffler,Detroit Lions,QB,2008,2008
Scot Loeffler,Florida,QB,2009,2010
Scot Loeffler,Temple,OC/QB,2011,2011
Scot Loeffler,Auburn,OC/QB,2012,2012
Scot Loeffler,Virginia Tech,OC/QB,2013,2015
Scott Frost,Nebraska,GA,2002,2002
Scott Frost,Kansas State,GA,2006,2006
Scott Frost,Northern Iowa,LB,2007,2007
Scott Frost,Northern Iowa,HC,2008,2008
Scott Frost,Oregon,WR,2009,2012
Scott Frost,Oregon,OC/QB,2013,2015
Scott Satterfield,Appalachian State,WR,1998,1998
Scott Satterfield,Appalachian State,RB,1999,2002
Scott Satterfield,Appalachian State,QB,2003,2008
Scott Satterfield,Toledo,QB,2009,2009
Scott Satterfield,FIU,OC,2010,2011
Scott Satterfield,Appalachian State,OC,2012,2012
Scott Satterfield,Appalachian State,HC,2013,2015
Scott Shafer,Indiana,GA,1991,1992
Scott Shafer,Rhode Island,DB,1993,1995
Scott Shafer,Northern Illinois,DB,1996,1999
Scott Shafer,Northern Illinois,DC,2000,2003
Scott Shafer,Illinois,DB,2004,2004
Scott Shafer,Western Michigan,DC,2005,2006
Scott Shafer,Stanford,DC/AHC,2007,2007
Scott Shafer,Michigan,DC,2008,2008
Scott Shafer,Syracuse,DC,2009,2012
Scott Shafer,Syracuse,HC,2013,2015
Sean Kugler,Tampa Bay (FL) Tech HS,OL/DL,1990,1991
Sean Kugler,Gaither (FL) HS,OL,1992,1992
Sean Kugler,UTEP,GA,1993,1993
Sean Kugler,UTEP,TE,1994,1994
Sean Kugler,UTEP,OL,1995,2000
Sean Kugler,Detroit Lions,TE,2001,2003
Sean Kugler,Detroit Lions,HC,2004,2005
Sean Kugler,Boise State,AHC/OL,2006,2006
Sean Kugler,Buffalo Bills,HC,2007,2007
Sean Kugler,Buffalo Bills,OL,2008,2009
Sean Kugler,Pittsburgh Steelers,OL,2010,2012
Sean Kugler,UTEP,HC,2013,2015
Skip Holtz,Florida State,GA,1987,1988
Skip Holtz,Colorado State,WR,1989,1989
Skip Holtz,Notre Dame,WR,1990,1991
Skip Holtz,Notre Dame,OC,1992,1993
Skip Holtz,Connecticut,HC,1994,1998
Skip Holtz,South Carolina,AHC/OC,1999,2003
Skip Holtz,South Carolina,AHC/QB,2004,2004
Skip Holtz,East Carolina,HC,2005,2009
Skip Holtz,USF,HC,2010,2012
Skip Holtz,Louisiana Tech,HC,2013,2015
Sonny Cumbie,Texas Tech,GA,2009,2010
Sonny Cumbie,Texas Tech,IWR,2011,2012
Sonny Cumbie,Texas Tech,HC,2013,2013
Sonny Cumbie,TCU,HC,2014,2015
Sonny Dykes,J. J. Pearce HS (TX),RB,1994,1994
Sonny Dykes,Navarro,RB,1995,1995
Sonny Dykes,Navarro,PGC/QB,1996,1996
Sonny Dykes,Kentucky,GA/TE,1997,1997
Sonny Dykes,Northeast Louisiana,WR,1998,1998
Sonny Dykes,Kentucky,ST/WR,1999,1999
Sonny Dykes,Texas Tech,WR,2000,2004
Sonny Dykes,Texas Tech,HC,2005,2006
Sonny Dykes,Arizona,OC/QB,2007,2009
Sonny Dykes,Louisiana Tech,HC,2010,2012
Sonny Dykes,California,HC,2013,2015
Sonny Dykes,Monahans HS (TX),GA,1994,1994
Steve Addazio,Western Connecticut,OL,1985,1987
Steve Addazio,Cheshire High School,HC,1988,1994
Steve Addazio,Syracuse,OL/TE,1995,1998
Steve Addazio,Notre Dame,T/TE/ST,1999,2001
Steve Addazio,Indiana,OL,2002,2003
Steve Addazio,Indiana,OC/OL,2004,2004
Steve Addazio,Florida,T/TE,2005,2006
Steve Addazio,Florida,AHC/OL,2007,2008
Steve Addazio,Florida,AHC/OC/OL,2009,2010
Steve Addazio,Temple,HC,2011,2012
Steve Addazio,Boston College,HC,2013,2015
Steve Fairchild,SD Mesa CC,OC/QB/WR,1982,1983
Steve Fairchild,Ferris State,OC/QB/RB,1984,1985
Steve Fairchild,San Diego State,TE,1986,1986
Steve Fairchild,New Mexico,OC/QB,1987,1989
Steve Fairchild,San Diego State,QB,1990,1992
Steve Fairchild,Colorado State,QB,1993,1996
Steve Fairchild,Colorado State,OC,1997,2000
Steve Fairchild,Buffalo Bills,RB,2001,2002
Steve Fairchild,St. Louis Rams,OC/QB,2003,2005
Steve Fairchild,Buffalo Bills,OC,2006,2007
Steve Fairchild,Colorado State,HC,2008,2011
Steve Fairchild,San Diego Chargers,HC,2012,2012
Steve Fairchild,Virginia,OC/QB,2013,2015
Steve Sarkisian,El Camino,QB,2000,2000
Steve Sarkisian,USC,QB,2001,2003
Steve Sarkisian,Oakland Raiders,QB,2004,2004
Steve Sarkisian,USC,QB,2005,2006
Steve Sarkisian,USC,AHC/OC/QB,2007,2008
Steve Sarkisian,Washington,HC,2009,2013
Steve Sarkisian,USC,HC,2014,2015
Steve Spurrier,Florida,QB,1978,1978
Steve Spurrier,Georgia Tech,QB,1979,1979
Steve Spurrier,Duke,OC,1980,1982
Steve Spurrier,Tampa Bay Bandits,HC,1983,1985
Steve Spurrier,Duke,HC,1987,1989
Steve Spurrier,Florida,HC,1990,2001
Steve Spurrier,Washington Redskins,HC,2002,2003
Steve Spurrier,South Carolina,HC,2005,2015
Steve Spurrier,Florida,QB,1978,1978
Steve Spurrier,Georgia Tech,QB,1979,1979
Steve Spurrier,Duke,OC,1980,1982
Steve Spurrier,Tampa Bay Bandits,HC,1983,1985
Steve Spurrier,Duke,HC,1987,1989
Steve Spurrier,Florida,HC,1990,2001
Steve Spurrier,Washington Redskins,HC,2002,2003
Steve Spurrier,South Carolina,HC,2005,2015
Ted Roof,Alabama,GA,1987,1988
Ted Roof,West Georgia,LB,1989,1989
Ted Roof,Duke,LB,1990,1993
Ted Roof,UMass,LB/RC,1994,1994
Ted Roof,UMass,LB,1995,1996
Ted Roof,Western Carolina,DC,1997,1997
Ted Roof,Georgia Tech,LB,1998,1998
Ted Roof,Georgia Tech,DC,1999,2001
Ted Roof,Duke,DC,2002,2003
Ted Roof,Duke,HC,2003,2007
Ted Roof,Minnesota,DC,2008,2008
Ted Roof,Auburn,DC/LB,2009,2011
Ted Roof,Penn State,DC,2012,2012
Ted Roof,Georgia Tech,DC,2013,2015
Terry Bowden,Florida State,GA,1982,1982
Terry Bowden,Salem,HC,1983,1985
Terry Bowden,Akron,GA,1986,1986
Terry Bowden,Samford,HC,1987,1992
Terry Bowden,Auburn,HC,1993,1998
Terry Bowden,North Alabama,HC,2009,2011
Terry Bowden,Akron,HC,2012,2015
Tim Beckman,Auburn,GA,1988,1989
Tim Beckman,Western Carolina,DB/RC,1990,1995
Tim Beckman,Elon,DC/RC,1996,1997
Tim Beckman,Bowling Green,AHC/DC,1998,2004
Tim Beckman,Ohio State,CB,2005,2006
Tim Beckman,Oklahoma State,DC,2007,2008
Tim Beckman,Toledo,HC,2009,2011
Tim Beckman,Illinois,HC,2012,2015
Tim DeRuyter,Air Force,Assistant,1989,1992
Tim DeRuyter,Ohio,DC,1995,1998
Tim DeRuyter,Navy,DC,1999,2000
Tim DeRuyter,Navy,DB,2001,2001
Tim DeRuyter,Ohio,DC/DB,2002,2004
Tim DeRuyter,Nevada,HC,2005,2006
Tim DeRuyter,Air Force,DC/S,2007,2007
Tim DeRuyter,Air Force,AHC/DC/S,2008,2009
Tim DeRuyter,Texas A&M,AHC/DC,2010,2011
Tim DeRuyter,Texas A&M,HC,2011,2011
Tim DeRuyter,Fresno State,HC,2012,2015
Tim Drevno,Cal State Fullerton,GA,1991,1992
Tim Drevno,Montana State,TE,1993,1995
Tim Drevno,Montana State,RB,1996,1997
Tim Drevno,UNLV,RB,1998,1998
Tim Drevno,San Jose State,OL,1999,1999
Tim Drevno,Idaho,OL,2000,2002
Tim Drevno,San Diego,OC/OL,2003,2006
Tim Drevno,Stanford,TE,2007,2008
Tim Drevno,Stanford,OL,2009,2010
Tim Drevno,San Francisco 49ers,OL,2011,2013
Tim Drevno,USC,OL,2014,2014
Tim Drevno,Michigan,OC/OL,2015,2015
Todd Berry,Tennessee-Martin,OC/QB,1984,1984
Todd Berry,Mississippi State,WR,1985,1985
Todd Berry,SE Missouri St.,OC/QB,1986,1988
Todd Berry,East Carolina,OC/RB,1989,1990
Todd Berry,Illinois StateArmy,HC,1991,1991
Todd Berry,Louisiana-Monroe,OC/QB,1992,1995
Todd Berry,Miami (FL),QB,1996,1999
Todd Berry,UNLV,AHC/OC/QB,2000,2003
Todd Berry,Louisiana-Monroe,HC,2004,2005
Todd Graham,Poteet (TX) HS,Assistant,1988,1990
Todd Graham,East Central,DC,1991,1993
Todd Graham,Midwest City,HC,1994,1994
Todd Graham,Allen,HC,1995,2000
Todd Graham,West Virginia,LB,2001,2001
Todd Graham,West Virginia,HC,2002,2002
Todd Graham,Tulsa,DC,2003,2005
Todd Graham,Rice,HC,2006,2006
Todd Graham,Tulsa,HC,2007,2010
Todd Graham,Pittsburgh,HC,2011,2011
Todd Graham,Arizona State,HC,2012,2015
Todd Grantham,Virginia Tech,DE/ILB,1990,1991
Todd Grantham,Virginia Tech,DT,1992,1993
Todd Grantham,Virginia Tech,DL,1994,1995
Todd Grantham,Michigan St.,DL,1996,1997
Todd Grantham,Michigan St.,AHC/DL,1998,1998
Todd Grantham,Indianapolis Colts,DL,1999,2001
Todd Grantham,Houston Texans,DL,2002,2004
Todd Grantham,Cleveland Browns,DC,2005,2007
Todd Grantham,Dallas Cowboys,DL,2008,2009
Todd Grantham,Georgia,DC/OLB,2010,2011
Todd Grantham,Georgia,AHC/DC/OLB,2012,2013
Todd Grantham,Louisville,DC,2014,2015
Todd Monken,Grand Valley State,Assistant,1989,1990
Todd Monken,Notre Dame,GA,1991,1992
Todd Monken,Eastern Michigan,OC,1993,1999
Todd Monken,Louisiana Tech,RB/WR,2000,2001
Todd Monken,Oklahoma State,HC,2002,2004
Todd Monken,LSU,HC,2005,2006
Todd Monken,Jacksonville Jaguars,WR,2007,2009
Todd Monken,Jacksonville Jaguars,QB,2010,2010
Todd Monken,Oklahoma State,OC,2011,2012
Todd Monken,Southern Miss,HC,2013,2015
Tom Herman,Texas Lutheran,WR,1998,1998
Tom Herman,Texas,GA,1999,2000
Tom Herman,Sam Houston State,WR/ST,2001,2004
Tom Herman,Texas State,OC/QB,2005,2006
Tom Herman,Rice,OC/QB,2007,2008
Tom Herman,Iowa State,OC/QB,2009,2011
Tom Herman,Ohio State,OC/QB,2012,2014
Tom Herman,Houston,HC,2015,2015
Tom Masella,Wagner,GA,1982,1984
Tom Masella,Boston University,DB,1990,1992
Tom Masella,Boston University,DC/DB,1993,1993
Tom Masella,Boston University,AHC/DC/DB,1994,1994
Tom Masella,Fairfield,HC,1995,1995
Tom Masella,Boston University,HC,1996,1997
Tom Masella,Connecticut,AHC/DS,1998,1998
Tom Masella,Louisiana Tech,DC,1999,2001
Tom Masella,UMass,DC,2002,2003
Tom Masella,Central Connecticut,HC,2004,2005
Tom Masella,Fordham,HC,2006,2011
Tommy Tuberville,Hermitage High School (AR),Assistant,1976,1977
Tommy Tuberville,Hermitage High School,AR,1978,1979
Tommy Tuberville,Arkansas State,DB/NG/LB,1980,1984
Tommy Tuberville,Miami (FL),Assistant,1986,1992
Tommy Tuberville,Miami (FL),DC,1993,1993
Tommy Tuberville,Texas A&M,DC/LB,1994,1994
Tommy Tuberville,Ole Miss,HC,1995,1998
Tommy Tuberville,Auburn,HC,1999,2008
Tommy Tuberville,Texas Tech,HC,2010,2012
Tommy Tuberville,Cincinnati,HC,2013,2015
Tony Franklin,Calloway County HS,KY,1988,1991
Tony Franklin,Mayfield High School (KY),Assistant,1993,1995
Tony Franklin,Kentucky,RB,1997,1999
Tony Franklin,Kentucky,OC/WR,2000,2000
Tony Franklin,Lexington Horsemen,HC,2003,2003
Tony Franklin,Troy,OC,2006,2007
Tony Franklin,Auburn,OC/QB,2008,2008
Tony Franklin,Middle Tennessee State,OC,2009,2009
Tony Franklin,Louisiana Tech,OC,2010,2012
Tony Franklin,California Golden Bears,OC,2013,2015
Tony Petersen,Kentucky,GA,1990,1990
Tony Petersen,Marshall,RB,1991,1991
Tony Petersen,Marshall,WR,1992,1992
Tony Petersen,Marshall,QB,1993,1995
Tony Petersen,Marshall,TE,1996,1996
Tony Petersen,Marshall,QB,1997,1997
Tony Petersen,Marshall,OC/QB,1998,1998
Tony Petersen,Minnesota,PGC,1999,1999
Tony Petersen,Minnesota,HC,2000,2006
Tony Petersen,Iowa State,QB,2007,2008
Tony Petersen,South Dakota,AHC/WR,2009,2009
Tony Petersen,Marshall,HC,2010,2012
Tony Petersen,Louisiana Tech,OC/QB,2013,2015
Tracy Claeys,Santa Fe Trail HS,HC,1994,1994
Tracy Claeys,Saginaw Valley State,DL,1995,1998
Tracy Claeys,Emporia State,DC,1999,2000
Tracy Claeys,Southern Illinois,DC,2001,2007
Tracy Claeys,Northern Illinois,DC,2008,2010
Tracy Claeys,Minnesota,DC,2011,2015
Troy Calhoun,Air Force,Assistant,1989,1990
Troy Calhoun,Air Force,RC,1993,1994
Troy Calhoun,Ohio,QB,1995,1996
Troy Calhoun,Ohio,OC/QB,1997,2000
Troy Calhoun,Wake Forest,OC/QB,2001,2002
Troy Calhoun,Denver Broncos,Assistant,2003,2005
Troy Calhoun,Houston Texans,OC/QB,2006,2006
Troy Calhoun,Air Force,HC,2007,2015
Tyson Summers,Tift County High School (GA),DB,2002,2002
Tyson Summers,Presbyterian,DB,2003,2003
Tyson Summers,Troy,GA/WR,2004,2004
Tyson Summers,Georgia,GA/DB,2005,2005
Tyson Summers,Georgia Southern,S,2006,2006
Tyson Summers,UAB,LB,2007,2010
Tyson Summers,UAB,HC,2011,2011
Tyson Summers,UCF,LB,2012,2013
Tyson Summers,UCF,DC,2014,2014
Tyson Summers,Colorado St.,DC/S,2015,2015
Urban Meyer,St. Xavier HS (OH),DB,1985,1985
Urban Meyer,Ohio State,TE,1986,1986
Urban Meyer,Ohio State,WR,1987,1987
Urban Meyer,Illinois State,OLB,1988,1988
Urban Meyer,Illinois State,QB/WR,1989,1989
Urban Meyer,Colorado State,WR,1990,1995
Urban Meyer,Notre Dame,WR,1996,2000
Urban Meyer,Bowling Green,HC,2001,2002
Urban Meyer,Utah,HC,2003,2004
Urban Meyer,Florida,HC,2005,2010
Urban Meyer,Ohio State,HC,2012,2015
Vance Bedford,Forest Brook High,HC,1985,1985
Vance Bedford,Navarro JC,HC,1986,1986
Vance Bedford,Colorado State,DB,1987,1992
Vance Bedford,Oklahoma State,DB,1993,1994
Vance Bedford,Michigan,DB,1995,1998
Vance Bedford,Chicago Bears,DB,1999,2004
Vance Bedford,Oklahoma State,DC,2005,2006
Vance Bedford,Michigan,DB,2007,2007
Vance Bedford,Florida,DB,2008,2009
Vance Bedford,Louisville,DC,2010,2013
Vance Bedford,Texas,DC,2014,2015
Vic Koenning,Memphis State,GA/strength,1986,1990
Vic Koenning,Memphis State/Memphis,DB,1991,1996
Vic Koenning,Wyoming,DC,1997,1999
Vic Koenning,Wyoming,HC,2000,2002
Vic Koenning,Troy,DC,2003,2004
Vic Koenning,Clemson,DC/DB,2005,2008
Vic Koenning,Kansas State,HC,2009,2009
Vic Koenning,Illinois,DC,2010,2011
Vic Koenning,Illinois,HC,2011,2011
Vic Koenning,North Carolina,HC,2012,2014
Vic Koenning,Troy,DC,2014,2015
Vincent Brown,Meadowcreek HS,GA,2001,2005
Vincent Brown,Dallas Cowboys,ILB,2006,2006
Vincent Brown,Virginia,GA,2007,2007
Vincent Brown,Richmond,LB,2008,2009
Vincent Brown,Virginia,LB/SPT,2010,2012
Vincent Brown,Virginia,DL,2013,2013
Vincent Brown,Connecticut,HC,2014,2015
Will Muschamp,Auburn,GA,1995,1996
Will Muschamp,West Georgia,DB,1998,1998
Will Muschamp,Eastern Kentucky,DB,1999,1999
Will Muschamp,Valdosta State,DC/DB,2000,2000
Will Muschamp,LSU,DC/LB,2001,2004
Will Muschamp,Miami Dolphins,AHC,2005,2005
Will Muschamp,Auburn,DC/DB,2006,2007
Will Muschamp,Texas,DC/LB,2008,2010
Will Muschamp,Florida,HC,2011,2014
Will Muschamp,Auburn,DC/S,2015,2015
Willie Fritz,Pittsburg State,SA,1982,1982
Willie Fritz,Shawnee Mission NW HS (KS),HC,1983,1983
Willie Fritz,Sam Houston State,GA,1984,1985
Willie Fritz,Willis HS (TX),GA,1986,1986
Willie Fritz,Coffeyville CC,DC,1987,1990
Willie Fritz,Sam Houston State,DB/ST,1991,1992
Willie Fritz,Blinn,HC,1993,1996
Willie Fritz,Central Missouri,HC,1997,2009
Willie Fritz,Sam Houston State,HC,2010,2013
Willie Fritz,Georgia Southern,HC,2014,2015
Willie Simmons,Clemson,GA,2006,2006
Willie Simmons,Middle Tennessee,RB,2007,2009
Willie Simmons,Middle Tennessee,PGC/RB,2010,2010
Willie Simmons,Middle Tennessee,OC/RB,2011,2011
Willie Simmons,Alcorn State,OC,2012,2014
Willie Taggart,WKU,WR,1999,1999
Willie Taggart,WKU,QB,2000,2000
Willie Taggart,WKU,HC,2001,2002
Willie Taggart,WKU,AHC/QB,2003,2006
Willie Taggart,Stanford,RB,2007,2009
Willie Taggart,WKU,HC,2010,2012
Willie Taggart,South Florida,HC,2013,2015
